item_id,titulo,estado,precio,vendidos,preguntas,preguntas_por_venta,ejemplos
MLA859727205,Adhesivo Epoxi Suprabond Erpox Acero Máxima Soldadura 105gr,active,16425.0,5847,92,0.01573456473405165,"Hola! Para aluminio funcionará? | Me sirve para reparar una perdida de combustible en un tanque de plást | Costo envío cba capital | Sirve para pegar un inhodoro , resiste el agua? | Hola para un orificio en el bloque de motor de aluminio sirve?"
MLA872758443,Adhesivo Suprabond Montajes En Cartucho De 400ml,active,19876.0,1564,29,0.01854219948849105,Hola te consulto se puede pegar pisos porselanatos | Sirve para pegar ceramica? | Hola. Sirve para pegar una placa de chapa en un muelle de agua salada  | Hola sirve para pegar placas antihumedad | Hola este suprabon sirve para pegar hierro y madera Es una mesa de TV
MLA1122248240,Burlete Suprabond De Goma Para Ventanas - Blanco Blanco,under_review,10703.0,1413,18,0.012738853503184714,"Necesito que sea lo más sellador posible para evitar ingreso de ruido. | 3,5 mm. Debería servir el tipo P de burlete, verdad? Logra insonorizar | Buenas. Tengo ventanal de piso a techo corredizo. Cuales burletes iria | Que tipo de goma para burlete se recomienda para insonorizar todo lo p | Hola, quisiera saber en qué momento puede elegir que tipo de burlete q"
MLA826586832,Traba Discos Bulit De 5.5mm Con Funda + Recordatorio Bulit Amaril,active,48583.0,680,17,0.025,"Sabes si sirve para scooter qj? | consulta: esta medida es compatible con un disco de 200 mm, para ser m | Sirve para una yamaha ray 125? | hola, queria saber si sirve para una zanella zb 125 sport, gracias | Buenas, queria saber si va bien para una Vespa VXL 150. Gracias"
MLA1791726618,Zócalo Burlete Crafters Doble Bajo Puerta 95cm - Marrón,paused,6516.0,2325,12,0.005161290322580645,"hola, buenos dais! Veo que tenes un zocalo parecido a este de la marca | Llega hoy? | Hola, saben cuándo vuelven a tener stock en color gris? Gracias. | Color blanco tienen? | Que alturavtiene por si la puerta se traba al abrir"
MLA2058412518,Mosquitero Ventana Suprabond Autoadhesivo Con Abrojo 200x200 Colo,active,34454.0,363,12,0.03305785123966942,"La tela mosquitera que material es metal o PVC el pvc que resistencia  | Hola, el pagamento se puede quitar con facilidad en caso de quitar el  | El precio de 34,500 es por que cada una | Para ventanas de 120 de alto 120 de ancho tienen estas medidas o de má | Nesecito de 150 x 110 para vetanas de aluminio blanco sirve este produ"
MLA1445877225,Sellador Silicona Suprabond Neutra S-500 Transparente 280ml,active,11340.0,230,11,0.04782608695652174,"Es para sellar inodoro | hola ! queria saber si me sirve para pegar el espejo del auto ? de los | Hola buenas consulta para opticas tambien sirven? | Hola, sirve para adherir goma con metal? Para burlete de auto. Gracias | Necesito algo más para aplicarla?"
MLA2307537486,Pistola Suprabond Hx 200 + Barras Finas Ultratransparentes Rosa,active,38223.0,163,11,0.06748466257668712,es antiderrame? | Cuántas barras de silicona trae? | Hola cuántas barritas de silicona vienen? | Hola cuántas barritas vienen ? | Viene con el paquete de cuántas barras?
MLA818709665,Adhesivo Cianoacrilato Suprabond A-40 Plásticos Y Gomas 20g,active,18987.0,2491,10,0.004014452027298274,Pega los lentes SD | Venden el primer para pegar teflón? Si es posible... link por favor. G | en qué consiste el primer que debe usarse para pegar teflón? | Buenas tardes! Sirve para trabajos en 3d? | Buenas. Tienen un adhesivo de baja viscosidad para plástico (PLA) qué 
MLA2957657304,Bacha Roca Debba Monocomando - Lavatorio 3 Agujeros Blanco Brilla,active,159842.0,1,9,9.0,Acabo de realizar la compra y les envié por privado q me mandarán el l | se puede usar como bacha de apoyo sobre mesada de granito? | Como se instala? | Vienen los accesorios de fijación? | Medidas reales
MLA1131703379,Cadena Bulit Máxima Seguridad 150cm + Candado 72mm 5 Llaves,active,128942.0,1223,8,0.006541291905151268,"Hola sirve para la rueda de auxilio de una ram rampage? | Hola buenas tardes,Consulta la cadena es de 5/8 ? | Hola! Se puede hacer copia de las llaves? Gracias | Es de 3/4 o 3/8?? | Por favor , cuanto pesa el conjunto ? gracias ."
MLA2020382632,Inodoro Largo Ferrum Bari Blanco Ikl Blanco,active,300398.58,29,8,0.27586206896551724,"Hola!! Te consulto..Me podrías proveer además del inodoro,el depósito  | Es el adriatico largo con mochila de apoyo, lo que queria saber es si  | Que tal. Me haces un link con mochila y tapa, o individual así conside | Buen dia, es para reemplazar uno de la linea adriatica. Podre usar la  | Buenas no me dijiste el monto del envío me podrías especificar xfa"
MLA856460618,Adhesivo Suprabond Montajes En Cartucho De 400ml 2 Unidades Neutr,active,39752.0,84,8,0.09523809523809523,Tenes en negro o transparente? | Buen día quería saber si viene con la pistola aplicadora que figura en | Sirve para melamina? | sirve para pegar placas de PVC? | Hola buen día tengo que pegar un piso de goma sobre carpeta de cemento
MLA1429496197,Grifería De Ducha Peirano Embutir C. Cerámico - Napoli Baño Gris ,active,123302.0,89,8,0.0898876404494382,"Tienen también grifería alta para Bacha en misma línea? Si pueden pasa | hola, tenes este modelo para bidet y lavatorio? | Hola cómo estás consulta son de bronce la grifería o de metal ? | Hola tenes sin tranferencia??? | Hola, todas las piezas son de metal?"
MLA1698974005,Enduido Polacrin Interior Exterior Versátil 20 Litros,paused,32500.0,1,8,8.0,"hola, buen día cuánto me saldría el envío a tigre zona norte? | Y también quería saber por dónde se puede retirar | Hola, quería saber si hacen envíos a Lanús, Buenos Aires (CP 1824), qu | Hola, quería saber si hacen envíos a Villa Luzuriaga, Buenos Aires (CP | Hola, quería saber si hacen envíos a Caseros, Buenos Aires (CP 1678), "
MLA813096045,Traba Discos Bulit De 5.5mm Con Funda Amarillo,active,38414.0,966,8,0.008281573498964804,Hola. Para un scooter Vespa necesito de esta medida? Gracias. | Buenas noche tengo una Tornado 250cc se adapta para el disco delantero | Holaaa sirve para honda wave | Hola trae el cable recordatorio ? | Hola sirve este para corona de Yamaha raptor 700? Gracias
MLA2704720602,Pintura Latex Interior Suprabond Antihumedad - Blanca 1kg Blanco,paused,28603.0,74,7,0.0945945945945946,"Hola. Sirve para placa tipo San Francisco? | Me olvide, cuánto nececito? | Buenas,para una Habitación de 4×4,que color tenés,es efectiva? | Da terminación rugosa? Saludos | Buenas tardes tengo demaciada humedad en el techo del baño me puede se"
MLA855362166,Pistola Encoladora Suprabond Hot Melt Modelo Hx 200 Rosa S/c Rosa,active,27687.0,373,7,0.01876675603217158,"Temperatura | Es inalambrica | Hola cómo puedo anular esta compra No me di cuenta que llegaba el mart | Gracias agustin por la respuesta, lo voy a tener en cuenta cuando haga | Hola que tal, queria saber cuáles son las barras que me recomiendan co"
MLA2470990520,Disco Bulit De Sierra Circular 60 Dientes Para Melamina Gris Oscu,active,32990.0,68,6,0.08823529411764706,"Hola....tenes diametro del eje 25,4? | Hola....para ejes de 25.4mm tenes? | Hola. Sirve para cortar madera de 1 pulgada? | pulgadas | Hola sirve también para cortar zócalos de EPS ? Quedaría prolijo ?"
MLA2330182540,Bacha Roca Debba Monocomando - Lavatorio 1 Agujero Blanco Blanco ,active,159842.0,3,6,2.0,"Hola es para colgar o apoyar? | se amura con tornillos o mensulas? | Quisiera saber las medidas ya que hay dos respuestas que no coinciden. | Me podría decir cuáles son los ganchos. | Estimados me podrían decir que soporte tiene este lavatorio, cuál ya l"
MLA1363907367,Inflador Con Manómetro Bulit Serie 200 Para Auto Moto Bici Pelota,active,56681.0,3249,6,0.0018467220683287165,"La válvula que va en la llanta tenés ? | Hola pico para moto tenés ? Saludos | Hola, que pasa si el pedido llega a mi casa y no hay nadie? o se puede | Acabo de comprar inflador . Puede ser negro . | Funciona en bici de carrera 700 x 28 con pico largo?"
MLA3346295260,Caja De Herramientas Bahco S138a Set Tubos Llaves 138 Piezas Plat,closed,500000.0,1,6,6.0,Hola. De que origen es? | ¿Está con la faja de seguridad de fabrica entonces? | ¿Es usado? | https://www.mercadolibre.com.ar/up/MLAU3220954451?matt_tool=89488245&p | 450? Ya que no tiene la garantía y ya pierde algo de valor
MLA3183427434,Inodoro Largo Roca Debba Rimless Blanco,under_review,279260.0,2,6,3.0,"Capacidad de desalojo? | Hola, quería saber si hacen envíos a Caballito, Capital Federal (CP 14 | hola, ya hice la compra | Ultima consulta, cuando voy a pagar, me divide el envio y la mochila m | Hola, tengo cargada la mochila y la tapa en el carrito, pero esta no m"
MLA1485764419,Zócalo Burlete Suprabond Doble Bajo Puerta 120cm - Blanco Blanco ,active,26240.0,153,6,0.0392156862745098,No entiendo compro 1 u y las otras 5? | https://www.mercadolibre.com.ar/up/MLAU240705468?pdp_filters=item_id:M | Perdon son 6 u en total y me cobra 6000$ cada una el envío?? Me sale 3 | Esto también sirve para puerta de balcón? | Tenes el mismo pero en marron o beige?
MLA847929993,Pistola Suprabond Encoladora Px300 + Barras Gruesas Max 500g,active,74173.0,312,6,0.019230769230769232,"Hola para sacar abolladuras de auto sirve?? Que resistencia tiene? Gra | Hola la pistola y las barras son para fusiblue | Cuántos barras trae | Hola, mientras este enchufada y realizando un trabajo entre uso y uso  | Cuál el el diámetro de la barrita?. 1,12 o 11,2?"
MLA1446828348,Burlete Autoadhesivo De Goma Perfil D Color Blanco,active,11214.0,1065,6,0.005633802816901409,Para puerta ventana cual me recomendas | Disculpame ...necesito tbn marrón para 1 puerta y 1 ventana ...Este mi | Gracias!!!! | Ah si si ...esta bien esa medida.. para una puerta c 1 paquete me alca | No entiendo que tengo que medir...Las medidas??
MLA830680804,Sellador Acrílico Suprabond Maderas - Nogal,active,15733.0,4320,6,0.001388888888888889,Hola sirve para pegar maderas entre si y que este permanece en contact | Es neutro? | Gracias | Adhiere en pvc? | Es lijable?
MLA1478307571,Grifería Ducha Baño Peirano Crown 80-151p Cierre Cerámico Con Tra,active,164296.54,70,6,0.08571428571428572,Que medida tiene brazo de la flor de la ducha? | Viene con los Bastagos? | De cuanto es la ducha de 15 o de 20 | hola! el mezclador es de bronce? | Hola viene completo con el cuadro de ducha?
MLA1502562774,Pegamento Cianocrilato Profesional Suprabond Profesional Superfic,active,18987.0,1380,5,0.0036231884057971015,"Llega gratis a cañuelas | Sirve para pegar prótesis dental | Muchas gracias | Sirve para sellar rajadura botas de goma? Gracias | como va, tengo una caja de acrílico transparente que se despego en uno"
MLA857548685,Zócalo Burlete Suprabond Doble Bajo Puerta - Tienda Oficial Gris,active,22817.0,37365,5,0.00013381506757660912,"Hola nuevamente, cómo se adapta el ancho del producto a los distintos  | Hola, buenos días. Consulta, tengo una puerta con un espesor de 35 mm. | Perdona la molestia . Me podrias volver a mandar los dos link del blan | Hola me sale el blanco que no esta disponible. Tenes ? | Necesito que me mandes un link de negro 120 cm y 6.5 de espesor y 1 bl"
MLA794731644,Adhesivo Suprabond Transparente 100ml Con Estuche 4 Unidades Tran,active,55308.0,137,5,0.0364963503649635,"pega acrílico | Hola...pega Caucho de siliconas entre sí? Y lo mismo con resina epoxi  | hola, cuantas unidades trae en total? xq dice 4 pack y 4 unidades por  | Buenas, sirve para pegar metal con metal ? En caso que no sirva cual m | Sirve para pegar el alerón de un auto"
MLA1387609113,Sellador Suprabond Transparente Baño Bañera Bacha Y Mampara,active,17762.0,181,5,0.027624309392265192,Tienen uno que sea sin aplicador | Necesita aplicador o se puede cortar tapar y volver a utilizar? | Sirve para bachas de metal | sellador para inodoro y bidet? | sirve para la instalacion de inodoro y bidet?
MLA1438340504,Zócalo Burlete Suprabond Doble Bajo Puerta 95cm - Negro,active,22817.0,3852,5,0.0012980269989615785,"Realizan factura A? | Muchas gracias por la respuesta. Otra consulta, tienen burlete con sep | Buen dia! Mi puerta tiene 127cm de largo, hay algun burlete para esa m | Buen día , lo necesito en Blanco puede ser? Gracias | ayuda a reducir el paso del sonido?"
MLA1387670353,Sellador Silicona Suprabond Neutra Construcción 280ml,active,19175.0,143,5,0.03496503496503497,Que color es | Sirve para pegar moldura d telgopor revestida con cementicio a babeta  | Hola quiero comprar por cantidad x24 al menos | Muchas gracias.- | Buenas tardes le pregunto para exterior y sellar junta de policarbonat
MLA1418325925,Pintura Especial Suprabond Antihongos Por 4 L Color Blanco Satina,active,100827.0,1032,5,0.0048449612403100775,Sirve para pintar un bañito ? | Se puede aplicar sobre durlock? | Es al agua o al solvente | Se puede agregar color a la pintura | Se puede agregar color
MLA812610919,Candado Acero Niquelado N°40 Bulit X 2 Unidades Gris,active,32041.6,43,5,0.11627906976744186,"El candado lo voy a usar para una cadena que asegura una embarcacion e | Que cansado me recomendas para lluvia ? Lo uso en exterior, todo el dí | Se oxida ? | Grosor del arco? | Por favor esta es la medida adecuada para un candado para un portón?"
MLA1139583742,Pistola Encoladora Silicona Suprabond + 10 Barras + Garantía,active,39456.0,986,5,0.005070993914807302,"Hola buenas trades tiene tecla de.encendido y apagado saludos cordiale | puedo ademas, comprar 1 k de barras , independientemente de las 10 que | Hola como estas? Solo para confirmar, la pistola es apta para barras g | cuantos wats consume? | Hola tienen barras aparte para esta pistola?"
MLA1579669275,Venecita Fluvial Mosaico Pileta Revestimiento Piso Pared 3m2 Aren,active,79104.0,6,5,0.8333333333333334,"Tienen pegamento y pastina para estas vwnecitas? | Osea que el precio de 26 es por la plancha la caja sale 76? | Hola. Son medios perladas? Cuantas planchas vienen en la caja? Osea es | Hola buenos dias. Te consulto tengo que cubrir 26 mts lineales x 0.32  | Hola. En el anuncio hay dos fotos de las venecitas, en una foto se ven"
MLA1438704422,Zócalo Burlete Suprabond Doble Bajo Puerta 120cm - Gris,active,26240.0,1017,5,0.004916420845624385,"sirve para el ruido? | sirve para el ruido? | Hola quisiera saber si el burlete es impermeable y repele el agua? | Hola servira para una puerta de 5cm de ancho? | Hola tengo una puerta de 1,35m de ancho y 8cm de espesor, tenes alguno"
MLA1484894575,Candado Bulit De Máxima Seguridad De 72mm Profesional Negro,active,46830.0,89,5,0.056179775280898875,"Lo recibí y no puedo abrirlo, tiene alguna manera particular de hacerl | Tiene alarma? | Hola perdi las llaves de mi candado como puedo hacer para comprarlas ? | Necesitaria dos candados con la misma llave | Cuanto sale con 5 llaves mas, ademas de las 5 que trae"
MLA2746654258,Inodoro Largo Roca Debba Rimless - Porcelana Blanco Baño Blanco,active,279260.0,1,5,5.0,"Hola, quería saber si hacen envíos a Villa Luzuriaga, Buenos Aires (CP | Hola, quería saber si hacen envíos a Belgrano, Capital Federal (CP 142 | Hola, quería saber si hacen envíos a Belgrano, Capital Federal (CP 142 | Genial gracias por la respuesta y una última consulta, este modelo de  | Hacen envios a Crespo Entre Ríos? Gracias"
MLA1590759862,Adhesivo Suprabond * Pegatodo * Transparente 30ml,active,4888.0,943,4,0.0042417815482502655,"Pega plástico ? Necesito para un juguete | Sirve para pegar un mate de vidrio? | Buenas, sirve para pegar un cierre que se despegó en una campera Monta | Hola pega telgopor ?"
MLA1122248267,Burlete Suprabond De Goma Para Ventanas - Marrón Marrón,active,10703.0,268,4,0.014925373134328358,"no me queda claro cuando comprar goma espuma y cuando comprar el de Go | Son irregulares en algunos lados 3 mm en otros 1 o 2 mm viste que la m | una consulta, tengo varias ventanas de madera, viejas y algunas no abr | Que perfil sería para puerta 4 hojas en las del medio con bisagra,"
MLA932731808,Candado Bulit Doble Traba Resistente Al Agua - Intemperie 40 Azul,active,19225.0,1291,4,0.003098373353989156,¿Tienen candados hermanados que sean para exterior? | No me deja abrirlo. | Hola tenés de 50mm? | No hay version de este mismo con 5 copias de llaves?
MLA1363590623,Sierra Sin Fin Lüsqtoff Eléctrica Para Madera + Accesorios,active,504317.17,8,4,0.5,"Tenes sierra para esta maquina ? | Hola corta aluminio? | Cambiando la sierra puede cortar hierro de 2mm?? | Lussqtoff SFL 250-8 y lasimilar de distinto valor de venta,Porque????"
MLA1729144591,Kit Bulit: Recordatorio Traba Disco Amarillo + Traba Disco 5.5mm ,active,44093.93,39,4,0.10256410256410256,"Sirve para una moto roysser 250? | Hola buenas, cuantos metros mide el cable ? | En caba , donde lo retiro | Donde lo retiro en caba"
MLA2020423652,Ferrum Andina Bidet De 1 Agujero Blanco Bea1-b,paused,161303.0,26,4,0.15384615384615385,"Hola, necesito la grifería, vender? | También necesito un depósito Ferrum andina de colgar | Buenas, me interesa comprarlo con griferia incluida. Vi en la publicac | buenas me interesa comprarlo con griferia incluida, vi en la publicaci"
MLA813038129,2 Candados Bulit De Aleación Aluminio De Combinación 30mm Rojo,active,32241.1,237,4,0.016877637130801686,"Necesito q sea codificado sin llave | Necesito un candado para reja que sea resistente ya que estará a la in | cual es el diametro del aro? | Hola!, otro color que no sea rojo?."
MLA1457266330,Sellador Silicona Suprabond Neutra Construcción En Pomo 110,active,13287.0,126,4,0.031746031746031744,"Quisiera saber,como les figura el pago, por favor | Compré con dos medios de pago, uno fue rechazado, pero el otro, me avi | Hola! Gracias! | Hola! Lo que queda en el pomo, se seca ya que quiero comprar 4 pomos"
MLA903304655,Sellador Silicona Universal Suprabond Blanco 280ml ,active,16152.0,367,4,0.010899182561307902,"Hola tiene local al público?? | Es para sellar y apoyqr un inodoro y bidet Sirve? | Es antihongo? | Buen día barras d 11,2cm diámetro x 30 largo más masilla neutra o sin "
MLA1144613154,2 Trampas Adhesivas Grandes Rata Ratón Laucha Con Garantía,active,11903.0,4028,4,0.0009930486593843098,"hola! te consulto, al sacarla del envase y en contacto con el aire, el | Son dos paquetes dw 2 cada uno | Sirve para cuises? | Hola!! Tienen fecha de vencimiento, cuánto es el tiempo de duración de"
MLA1508917241,Engrampadora Abrochadora Bulit Profesional Regulable,active,95035.0,33,4,0.12121212121212122,"Hola quería saber si también se adapta para tapizar asiento de moto, p | Sabes si pudiera venir en algún sitio | Se me perdió el resorte que empuja los ganchos Viene eso suelto ? Much | Cual es la medida maxima de los clavos? Sirve para instalación de mach"
MLA2506775086,Venecita Fluvial Revestimiento Interior Exterior Mosaico 3m2 Verd,active,79104.0,2,4,2.0,"Hola, tiene mas colores, tipo algun marron, borgoña? | Hola! Si yo la quisiera usar para pegar en madera estilo una mesita. S | Es apto para piscinas? | venden el pegamento para venecitas? cuanto necesitaria para una caja?"
MLA2039809376,,?,,0,4,4.0,Hola qué color es ? | Hola. Servirá para una maceta de semento agrietada? | Es para reparar un agujero en el que irá un tarugo que deberá sostener | Hola ¿endurece como concreto?
MLA1670297777,Liston Doble Tubo Led T8 Zocalos G13 220v Techo Iluminacion,active,5043.0,7,4,0.5714285714285714,"Hola tengo tubos T8 16w con toma eléctrica en un solo extremo, este pr | Hola! estoy necesitando 6 unidades, se podrían conseguir? Muchas graci | Hola tenes liston para un solo tubo tambien?? | necesitaría saber si existe alguna promoción de 20 zócalos dobles de 1"
MLA1813468710,Grifería Ducha Baño Peirano Crown 80-151p Cierre Cerámico Con Tra,active,123302.0,214,4,0.018691588785046728,"Buen día, tienen el mismo modelo para bidet? | Uh que pena. Me podrias indicar nunero o nombre del modeloa ver si lo  | Hola. Compré esta griferia y ahora necesito mismo modelo para el bidet | Hola! Cual es la diferencia entre esta publicación y la de: Grifería D"
MLA1139087851,Adhesivo Epoxi Suprabond Erpox Acero Máxima Soldadura 105gr,active,16425.0,232,4,0.017241379310344827,"Hola te consulto ,mira tuve un accidente con la bicicleta y el asfalto | Se puede retirar personalmente? | Me sirve para arreglar una grieta del blook del motor? | Hola. Sirve para pegar unas tiras de hierro a una reja verdad?"
MLA1404778864,Candado De Combinación Reforzado Bulit Color Negro,active,34310.0,356,3,0.008426966292134831,"Coinciden perfectamente, vino en 0000 en la caja y no abre. No toque n | Hola. La combinacion de fabrica no es 0000 y, recien llego y no abre.. | Hola, de que diametro es el pasador?"
MLA1786947761,Bacha Cocina Doble Mi Pileta 305 64x37x18 - Outlet (305b) Platead,active,55000.0,0,3,3.0,tenes algo de 70x35? | Hola por dónde se retira? | Tenés más fotos ?
MLA1485886231,5 Burletes Autoadhesivos De Goma Perfil E Color Blanco Marrón,active,53515.0,11,3,0.2727272727272727,"Tienen esta publi pero en marron?? | Hola, el producto es de color blanco o marron? El titulo de la publica | Necesito color marron, tienen?"
MLA1866093805,Pistola Encoladora Suprabond Inalámbrica Amarillo,active,85362.0,5,3,0.6,"Hola, está pistola es para las barritas ""grandes""? Saludos | Hola das factura tipo b? | Que tipo de barritas lleva"
MLA812628493,Candado Standard Bulit Bronce Macizo 40mm Por 2 Unidades Dorado,active,21076.0,94,3,0.031914893617021274,Cuantos candados son xr el precio dos o uno | Hola dos candos son xr lo qué esta publicado | Hola tienen las misma conbinacion ?
MLA1465363480,Zócalo Burlete Suprabond Doble Extra Ancho 95cm - Negro,active,28683.0,663,3,0.004524886877828055,"Hola, tengo una puerta blindada de 7 cm de ancho, vos crees que este p | ok, quiero 1 gris y el otro marron compro los dos del mismo color y lo | buenos dias, que colores tenes?"
MLA861014506,Burlete Autoadhesivos De Goma Perfil D Color Marrón Marrón,active,11214.0,1371,3,0.002188183807439825,Hola. Son para ventanas los burletes. Gracias | buenas vienen 2? | Hola necesito 2 de los burletes D publicado en color marrón y 5 de la 
MLA1531293883,Vanitory Suspendido Roca Mahler Kendal Mueble Para Baño Marrón Cl,active,538838.0,1,3,3.0,"Agustín, buenos días! Busco este mismo modelo de dos cajones, pero en  | Hola buenas tardes! Este modelo en color blanco tienen? | Quiero aprovechar mi Bacha roca actual con ese mueble. Es muy parecida"
MLA2059840792,Linterna Vincha Bulit Recargable Usb S800 Sensor Movimiento Fría ,active,22087.0,109,3,0.027522935779816515,Cuánto tarda en cargarse? | Porque tengo una u no aguanta nada | Cuánto hora dura
MLA1783636102,Grifería De Ducha Peirano Embutir C. Cerámico - Crown Baño Gris C,active,123302.0,9,3,0.3333333333333333,"O en quintana 1185. Ya avise que lo reciban | Ya lo compre pero necesito que lo entreguen por la mañana , sino hay n | Tendrás link para adjuntarme accesorios que combinen (toallero, etc) ?"
MLA799205087,Trampa Adhesiva Para Lauchas Pegarat Por 4 Unidades,active,27696.0,281,3,0.010676156583629894,"Hola, la oferta dice x 4, serían 4 packs de 2 unidades c/u? | No está claro son dos paquetes de dos unidades cada uno, o 4 paquetes  | Cuáles son las dimensiones? En una parte dice de largo 25cm y en otra "
MLA1439098302,Zócalo Autoadhesivo Suprabond Simil Madera,active,11531.0,473,3,0.006342494714587738,"Hola tienen código de cupón de descuento ? | Hay más largos que 92 cm por ejemplo de 2 metros? | Hola, como va? Cuanto tiene de largo?"
MLA2074773100,Cadena Linga Moto Bici 3/8 Máxima Seguridad Acero 10mm Bulit Colo,active,75797.0,2,3,1.5,Hola. Incluye candado? Gracias | Hola. Incluye candado? Gracias | Hola. Incluye candado. Gracias?
MLA795281515,2 Burletes Autoadhesivos De Goma Perfil D Color Blanco Blanco,active,22428.0,3220,3,0.0009316770186335404,"Hola,de cuanto es el largo? | Cada rollo ? | Hola qué tal, busco burlete para ventanas corredizas de aluminio, qué "
MLA1520730898,Sellador Acrílico Suprabond Maderas - Pino,active,15733.0,91,3,0.03296703296703297,Gracias y se pueden mezclar los colores?es para unir machimbre pvc la  | Hola sirve para juntas de machimbre de pvc? | Hola.necesito marron oscuro. Como lo pido???
MLA2094814172,Mochila Dual Andina Deposito Apoyo 6lts Sanitarios Ferrum Dwl6fb ,paused,151368.1,5,3,0.6,Sirve para cualquier hinodora largo de ferrun de apoyar | Me podrías enviar una foto de adentro del depósito? Te lo pido porque  | Hola buen día. Va bien con inodoro andina largo? Me podrias decir la d
MLA1525969092,Zócalo Burlete Suprabond Doble Bajo Puerta 120cm - Gris,active,26240.0,1517,3,0.001977587343441002,"tineen de color negro pero de 93cm de largo? | hola, tenes color negro? | Mi puerta tiene 4cm de ancho, no queda grande este?"
MLA2095851402,Canilla Lavatorio Danska Noma Lever Doble Comando Baño Acabado Cr,paused,72964.0,45,3,0.06666666666666667,"La T debajo del pico es bronce o plástico? | Buenas noches las campanas,los volantes y el pico de que material son? | De que material es el cuadro ? Y los vástagos?"
MLA1150082530,Zócalo Burlete Suprabond Doble Extra Ancho 95cm - Negro,active,28683.0,585,3,0.005128205128205128,"Me mandarías nuevamente el link, ahora no me aparece….. Gracias | Hola, me dice que no está disponible, que elija otra variante! Tendrás | Hola en gris con envío full tienen?? Gracias"
MLA794744573,Adhesivo Para Plásticos Suprabond Por 2 Unidades,active,23262.0,43,3,0.06976744186046512,"Hola.. necesito pegar un zócalo protector de una caja de camioneta, cu | Cuantobtarda en pegar | hola, me serviria para pegar plastico a ceramicos?"
MLA1377113573,Burlete Autoadhesivo Suprabond De Goma Perfil E Color Blanco,active,10703.0,1656,3,0.0018115942028985507,"Tenes perfil E color marron? para comprar 2 | Puedo usarlo en ventana corrediza? | Hola, si lo pongo en una puerta de calle tradicional, cerrará bien?"
MLA1401630571,Adhesivo Suprabond Montajes En Cartucho De 400ml,active,19876.0,426,3,0.007042253521126761,"Necesito para cinguerias y mampostería , funciona este producto | Sirve para wall panel y cemento? | Hola buenas necesito para pegar porcelanato sobre fenólico para una me"
MLA2058567964,Mosquitero Suprabond Autoadhesivo Para Ventana 100x120cm Negro,active,22356.0,42,3,0.07142857142857142,"Buenas consulta el adesibo magnetico sirve para marcos de aluminio bla | Viene por separado la tela del imán para adaptarlo a cualquier medida? | Hola, se puede recortar a medida ?"
MLA1591780337,Erpox Acero Suprabond Epoxi En Pasta 105g,active,16425.0,51,3,0.058823529411764705,"Hola , sirve para pegar una pieza de bronce. Es una pata de lámpara en | Sirve para el bronce y aluminio? | resiste hidrocarburos"
MLA1562505173,Cerrojo Bulit Lado Derecho Serie 600,paused,63635.0,19,3,0.15789473684210525,"Si tiene 3 cm de largo el tambor donde introduzco la llave, para qué c | Tres centímetros de ancho. Pero cuánto tiene el tubo de la llave que c | Buenas. Cuáles son las medidas de largo, ancho y profundidad. Y largo "
MLA1400721649,Adhesivo Suprabond De Contacto Sin Tolueno - Lata 4 Litros Color ,active,149917.0,28,3,0.10714285714285714,"Muchísimas gracias muy gentil!!! | Perfecto, excelente la aclaración, y del envase amarillo vendes estoy  | Es igual que el del envase amarillo que dice adhesivo transparente?"
MLA840772471,Cadena Máxima Seguridad Con Candado Bulit,active,94938.0,2785,3,0.0010771992818671453,"Es N Vega? Ahí hay venta al público? | O sea son los de la foto, no los del vídeo demostrativo no? Xq yo busc | Buenas, los eslabones de la cadena son planos o redondeados? Gracias"
MLA1495962310,Sellador Suprabond Reparador De Concreto Y Cemento Antihongo,active,14539.0,1182,3,0.0025380710659898475,"Hola, tenés algún sellador para mesada de mármol? | es mejor esta o la Suprabond Silicona Neutra Construccion para esto? G | necesito sellar una grieta grande entre el marco de una ventana y el p"
MLA2815169696,Traba U Máxima Seguridad Bulit Gris Oscuro,active,52541.0,104,3,0.028846153846153848,Que diferencia hay entre uno y otro | Hola el modelo CDB U 320? | Hola ue diferencia hay entre el gris y el gris oscuro? Porque al presi
MLA1730059276,Adhesivo Suprabond Erpox Blanco Bachas Y Sanitarios 80,active,15389.0,940,3,0.0031914893617021275,"Yo quiero reparar, pero también pintarla, por eso la pintura además de | La pintura epoxi para bañeras, la tienen? | Es apto para contacto co. alimentos? por ejemplo reparara una ollla?"
MLA2026800868,Sellador Acrílico Crafters Maderas - Nogal Blanco,active,15733.0,63,3,0.047619047619047616,Es blanco o nogal? | Gracias | Color ciprés?
MLA1465474454,Burlete Autoadhesivo Suprabond Doble Espesor 10x10mm 5mts Color M,active,20862.0,135,3,0.022222222222222223,Hola cual me recomendarias para una puerta balcon de aluminio corrediz | Hola . Son 3 unidades de 5 metros cada una? | hola necesito el de doble espesor extra ancho
MLA795278593,Burlete Autoadhesivo De Goma Espuma Doble Espesor Gris X 3 Gris,active,20862.0,1067,3,0.0028116213683223993,"Cuál es el modelo de burlete que corresponde a la publicación | Buenos dias son 3 rollos de 5 metros ? | hola, son 3 unidades de 5mts, 15mts en total? Gracias!"
MLA1502511540,Sellador Silicona Suprabond Neutra Construcción 280ml,active,19175.0,545,3,0.005504587155963303,"Hola.En la pared hay cerámica brillante, y la placa se pondría arriba  | Sirve para pegar las placas UV de 122 cm x 244 cm y 2,5 mm de espesor  | Tengo q adherir vidrios a una ventana. Es éste? Y quiero agregar jerin"
MLA1716896636,Zócalo Burlete Crafters Doble Bajo Puerta 95cm De Largo X Hasta 4,paused,6516.0,2916,3,0.00102880658436214,"Hola quiero comprar dos unidades pero me cobra dos envíos | Buen día, mi puerta mide 80 cm y la diferencia entre la puerta y el pi | Aisla el sonido? Aisla olores?"
MLA1446914792,Pistola Encoladora Suprabond Silicona Hx200 Rosa + 2 Barras Trans,active,27687.0,844,3,0.0035545023696682463,"Buenas noches, tienen las barras de silicona para esta pistola que com | Viene con barra de silicona incluida? | Buenas, es para las barritas de 7mm?"
MLA1578025294,Grifería Para Lavatorio Crafters Monocomando Bajo Napoli  Cromo C,paused,31305.0,27,3,0.1111111111111111,Trae los flexibles de agua fría y caliente? | Hola trae los s 2 flexibles? | Hola! Tienen ls medidas?
MLA2085197772,Grifería De Ducha Danska Noma Lever Cromada Plateada Para Pared P,paused,115619.0,16,3,0.1875,Hola! El kit viene la ducha con las respectivas griterías de la ducha? | hla biene completa es a pared tenes en color negro | Hola buen día mi nombre es osvaldo.te quería hacerte una pregunta la d
MLA1514184179,Panel Led Redondo Embutir 12w Plafon Marco Plata Plateado,paused,10366.0,2,2,1.0,"La última pregunta, son planos ,no? Osea no son los que sobresalen 3 c | Hola Cuál es la medida real? En un lado dice 200mm en otro 165mm? Vien"
MLA1364233095,Candado Bulit Bronce Macizo Standard 40mm Dorado,active,10538.0,696,2,0.0028735632183908046,Es antioxido??? | hola es de acero inoxidable? gracias
MLA824162798,Venda Líquida Suprabond Impermeabilizante Blanca 4kg,active,148374.0,244,2,0.00819672131147541,"como hago para pagar en cuotas con mi tarjeta de débito? | Me arreglar las paredes de mi dpto, no se que colocar, tienen humedad "
MLA1515625201,Vanitory De Pie Traful - Ferrum Lavatorio Acrílico + Mueble Marró,active,207322.38,0,2,2.0,Tenes alguna otro similar o con cajon/es con bacha para monocomando? G | Buenas tardes Tenes con 1 agujero? Gracias
MLA1495349495,Espuma De Poliuretano Suprabond Economy 750ml,active,24479.0,46,2,0.043478260869565216,"La localidad es victoria, entre rios. CP 3153 | Hola, estoy por comprar un burlete y quiero comprar esta también pero "
MLA866641571,Cadena Bulit Máxima Seguridad De Acero Cementado 3/8 50cm,active,27721.0,207,2,0.00966183574879227,"Necesito esta cadena con un candado para exterior - cual es el mas seg | Sirve para usar con un candado que tiene un aro de 4,5cm?"
MLA1391125949,Adhesivo Zapatillas Suprabond 10g (zap 10 B) Color Transparente,active,6991.0,202,2,0.009900990099009901,Fecha de vencimiento? Necesito varios. | Fecha de vencimiento?
MLA2067970404,Tapa Inodoro Ferrum Atuel Confort Uf Soft Close Tfxue Color Blanc,active,150857.0,2,2,1.0,Noo no dice el modelo | Hola necesito una tapa de 38x38 de inodoro ferrum
MLA1425157009,,?,,0,2,2.0,Y venden la tapa de este inodoro? | Buenas tardes me interesa el inodoro roca capea pero sin mochila y vie
MLA2760013576,Roca Capea Italiana Bide Baño Sanitario Bidet 1 Agujero Blanco,paused,141110.0,2,2,1.0,Buenos días. Tendrás también el inodoro largo con mochila? Así los com | Hola quisiera comprar también la grifería y la tabla para este bidet g
MLA1459702346,Candado De Aleación Aluminio 4 Comb N° 40 Rojo Crafters Rojo,active,27773.0,291,2,0.006872852233676976,"Buenas! Necesito uno de estos para exterior, costa atlantica, ambiente | Tenes de 5 cm?"
MLA812433311,Traba Articulada De Combinación Máxima Seguridad Bulit Naranja,active,70488.0,13,2,0.15384615384615385,"Se puede cambiar la contraseña? | Viene en 1,2 o 1,5 mts? Gracias"
MLA2863457026,Serrucho Costilla Profesional Bulit 30cm Sk5 Mango Grip Negro,active,23009.0,0,2,2.0,"Hola, la costilla es desmontable?? Gracias | Hola, es templado o afilable?"
MLA830008803,Sellador Acrílico Suprabond Maderas - Nogal 12 Unidades,active,188796.0,5,2,0.4,Puede ser 6 | Hola. Necesito sellar el aglomerado para que no entre humedad. Que pro
MLA1404602816,Candado De Aleación Aluminio 4 Comb N° 40 Rojo Bulit,active,20824.0,496,2,0.004032258064516129,Locker | Sirve para un locker..??
MLA1548403938,Tijera Para Cercos Bulit Serie 800,active,85463.0,23,2,0.08695652173913043,tienen el tornillo que unen las hojas ? | compré una tijera de podar cerco bulit y ya se me rompió la arandela c
MLA1631636154,Abrojo Autoadhesivo Suprabond Tipo Velcro® - 2 Metros,active,21332.0,175,2,0.011428571428571429,Buenas noches. Disculpe la consulta. Trae 2 mts de ambas partes tanto  | sirve para pegar el porta control remoto en la pared?
MLA841945693,Sellador Multiuso Perbond En Cartucho De 400ml Gris,active,27364.0,2143,2,0.0009332711152589828,Hola! Es apto telgopor? | Hola una vez que seca se puede lijar?
MLA1474240052,Zócalo Burlete Suprabond Doble Extra Ancho 120cm - Marrón,active,35992.0,249,2,0.008032128514056224,"Hola, Quería consultar si tenían burlete doble color marrón (o gris) p | Hola, si lo coloco como dice la imagen con tensión, la puerta no corre"
MLA1678557517,Lampara Colgante Crafters Led Jaula Negro E27 Decoración Negro,active,7000.0,0,2,2.0,"Buen día,,yo le quería poner las lamparas común de Led,, la pregunta e | Buenas noches,, una consulta venden por menor,, por qué necesito 5 lam"
MLA1699083177,Luz Auxiliar Bulit Multifuncion Outdoor Serie 800 Blanca Negro/ro,active,44464.0,1,2,2.0,qué autonomioa tiene la batería? | qué autonomioa tiene la batería?
MLA1463251115,Pistola Encoladora Silicona Suprabond + 25 Barras Finas Suprabond,active,28767.0,1490,2,0.0013422818791946308,Buenas tardes consulta sirve para pegar las piezas para el martillo | Hola asepta barras de 7.4mm o de 7.4 cm como dice en la publicación gr
MLA2270431614,Riel Regleta Circular Hasta 2 Lamparas Colgantes Iluminacion Colo,active,4500.0,0,2,2.0,"Hola tengo que poner un golgante, y necesito cubrir el durlok del tech | Buneas tardes. ¿Qué distancia existe entre los dos agujeros para las l"
MLA1848591708,Portalampara Receptaculo Blanco Negro Recto Alta Calidad E27,active,3872.0,52,2,0.038461538461538464,"Hola. De qué material es ? | Buenas tardes les consulto, igual a este modelo en blanco tienen. Grac"
MLA903945655,Burlete Autoadhesivo Suprabond De Goma Perfil E Color Marrón Marr,active,10703.0,727,2,0.002751031636863824,Hola necesito burlete decorativo para enmarcar las puertas puede ser | Tenes de 3mm?
MLA1445865167,Sellador Silicona Suprabond Acética S-500 Transparente 280ml,paused,8303.0,137,2,0.014598540145985401,Hola. Es Transparente o blanca? | Hola. Es Transparente o blanca?
MLA1641447084,Pintura Especial Suprabond Antihongos Por 4 L Color Blanco Satina,active,120830.0,63,2,0.031746031746031744,"Se puede colorear con entonadores y cuantos cm3 por litro doporta ?? | Hola, tenes de 20 litros?"
MLA1491201282,Sellador Suprabond De Silicona Transparente 25ml,active,4026.0,34,2,0.058823529411764705,"hola necesito sellar el fuelle detrás del inodoro, esto sirve? | Hola sirve para pegar acrílico de óptica de auto"
MLA1375252595,Burlete De Vinilo Autoadhesivo Suprabond 5 Metros Marrón,active,9408.0,445,2,0.0044943820224719105,"Hola. El espesor de 4mm se refiere a la altura? Tienen burlete de 5 mm | Compré este , pero no me deja cerra la Puerta ! Viene uno más fino ?"
MLA1801435409,Cutter Profesional Automático Bulit Serie 800,active,29402.0,1,2,2.0,Hola tenes el repuesto? de las hojas | Consulta venden la parte del medio ? X que se me rompió y no lo puedo 
MLA3326620738,Taladro Percutor Stanley Sdh600 600w Mandril 13mm - Outlet Amaril,closed,40000.0,1,2,2.0,Cuánto tiempo de uso tiene | dnd se retira?
MLA795299180,Pistola Suprabond Portacartuchos Serie 700 Para Selladores,active,37282.0,289,2,0.006920415224913495,Hola el sistena de manija de liberacion es de plastico? | Quisiera saber si me sirve para cartuchos de 28 ML
MLA1727660833,Apple AirPods Max - Plateados - Caja Cerrada Plateado,closed,693016.8,1,2,2.0,"Buenas si te lo compro ahora lo puedo retirar a la noche o dentro de u | Buenas noches, es la versión 1 o 2?"
MLA1579424243,Venecita Fluvial Revestimiento Mosaico Interior Exterior 3m2 Aren,active,94797.0,1,2,2.0,"Que pegamento se necesita por caja y para hacer la junta? | Se pueden poner en un baño? Son antideslizable, la quiero tb poner en "
MLA857065752,Nuevo Adhesivo Suprabond Erpox Blanco Bachas Y Sanitarios,active,21075.0,372,2,0.005376344086021506,Me asé falta cuando lo mezclas q color queda | Hola sabrías decirme si con uno de estos me alcanzaría para pegar una 
MLA818016407,Barras Suprabond Sacabollos Máxima Adherencia Pistola 1kg,active,58254.0,576,2,0.003472222222222222,Hola son transparentes ? Y es por 1 kilo o medio kilo ?? | Las barras sirven para los chupetes Sacabollos y con que se colocan?
MLA855880747,Pintura Especial Antihongo Suprabond Por 1 Litro S/c Blanco,active,28603.0,308,2,0.006493506493506494,"Y si hay partes que salto la pintura debo limpiar raspar y pasar el pr | Hola tengo el techo del baño lleno negro de hongo o humedad, tengo que"
MLA1568931989,Venecita Fluvial Revestimiento Mosaico Interior Exterior 3m2 Cele,active,79104.0,1,2,2.0,Buenas? Este producto es similiar alnde la marca tessel? | hola me pasarías precio con pegamento yo necesitaría 110 mts cuadrados
MLA1562743951,Llave Criquet Articulada Bulit Serie 800 9mm Color Gris,active,12978.0,34,2,0.058823529411764705,Bueno me gustaria comprar la 9mm la 16mm y 17mm | Necesitaria una de 9mm otra de 7mm una 16mm
MLA850739772,Adhesivo Suprabond * Pegatodo * Transparente 30ml,active,4888.0,2007,2,0.000996512207274539,Pega plato de loza | Que pegamento tienen para pegar Polipropileno con Poliestireno? Gracia
MLA1200758170,Adhesivo Suprabond Espejo Retrovisor - Pegamento Parabrisas,active,12424.0,333,2,0.006006006006006006,En que parte de san martín estas ? | se puede retirar
MLA2036761658,Llave De Luz Sica - 1 Interruptor Combinación Blanco Slight Blanc,active,3688.0,5,2,0.4,"Hola , quería saber si está tecla combinada es de Pinifarina . Gracias | Este interruptor es para timbre, o es tecla para una luz?"
MLA1796915967,Bicicleta Eléctrica Asistida Enova 350v Shimano Epac Rod 26 Negro,active,1200000.0,0,2,2.0,"Hola, el estado de la bateria como esta, y te consulto la aceleracion  | Hola. Te interesa un Motorola Razr 60 Ultra?"
MLA1387606023,Pegamento Suprabond Para Plásticos: Adhesivo Transparente E Imper,active,11631.0,167,2,0.011976047904191617,Pega PP y PS? Gracias | Sirve para plásticos de moto?
MLA2472252526,Grifería Ducha Danska Karla Cromada Cuadrada Con Manguera Flexibl,paused,81010.0,24,2,0.08333333333333333,dice ducha cuadrada y en la foto es redonda .es cuadrada ? de que medi | Viene con el esqueleto de bronce?
MLA2020352672,Toallero Aqualaf Barral Metal Napoli - Baño,paused,16750.0,24,2,0.08333333333333333,"Hola! Tengo unos tornillos ya en la pared a una distancia de 46,5cm en | Hola Buenos dias quisera saber las medidas por favor?"
MLA2834038362,Pegamento Sellador Multiuso Perbond Sellarrosca 25gr Azul,active,5772.0,3,2,0.6666666666666666,"Hola sella rosca de polipropileno? | Hola este pegamento, me sirve para pegar la mica transparente de un fa"
MLA881075400,Lima Bulit Serie 500 Redonda - Acero Forjado - 8 Pulgadas,active,14349.0,30,2,0.06666666666666667,Y que diámetro tiene? | El diámetro es de 8mm?
MLA1505684245,Serrucho Bulit Profesional - Acero Al Manganeso - 400mm Marrón Cl,active,20291.0,26,2,0.07692307692307693,"Serrucho afilable? | Hola, es templado o afilable?"
MLA1769510223,Jabonera Aqualaf De Porcelana - Baño Bloke - 5 Años Color Blanco,active,62342.0,0,2,2.0,Hola me pasas el kit completo. | Hola tenés kit completo???
MLA1918162600,Pistola Encoladora Suprabond Silicona Hx200 Rosa + 2 Barras Trans,active,27687.0,1673,2,0.001195457262402869,"Hola tenes para comprarte más barras así aprovecho el envío ? | Hola, que tamaño de barra de silicona necesita?"
MLA1520509427,"Inflador Crafters Alta Presión - Bicis, Motos, Autos Color Negro",active,48569.0,238,2,0.008403361344537815,"Tenés algún video | Aunque en la descripción lo dice, realmente ¿tiene el sistema push and"
MLA1676160623,Pistola Encoladora Silicona Suprabond + 25 Barras Finas Suprabond,active,32800.0,101,2,0.019801980198019802,hacen factura tipo A ? | hola buen dia. hacen factura tipo A ?
MLA3403820072,Lampara Led Bipin 6w G4 220v Foco Iluminacion Equivale 60w Blanco,paused,2380.0,1,2,2.0,"Hola, tenés hoy 4 a la venta? o cuándo tendrías | Tienen mas stock? Quiero 8 unidades"
MLA2763788424,Tijera Corta Caños Bulit Serie 600 Automática Profesional  Termof,active,51055.0,11,2,0.18181818181818182,"Tienen una para cortar PPN también. Pasarían el Link por favor? | Hola una consulta, sirve para cortar caños de 3/4 , 7/8 o 1"" de electr"
MLA842565160,Sellador Silicona Suprabond Neutra Construcción 280ml,active,19175.0,1211,2,0.0016515276630883566,"Cual es la diferencia entre este y el S 500 ? Yo lo quiero para proteg | Hola viene en gris,tengo una luz entre la cerámica y la mesada de gran"
MLA2747598300,Grifería Para Lavatorio Crafters Monocomando Bajo Napoli Cromado,paused,41753.0,0,2,2.0,Y de ancho?? | Hola! Tenes las medidas?
MLA1384809603,Zócalo Burlete Suprabond Doble Extra Ancho 120cm - Gris,active,35992.0,209,2,0.009569377990430622,Sirven para puertas de aluminio 4 CM de ancho ? | Sirven para puertas de aluminio? Voy a necesitar 10
MLA795276865,Barras Suprabond Finas Para Pistola Encoladora 500g X 2,active,58254.0,353,2,0.0056657223796034,Cuántas vendrían xq dice x 500g o es 1k? y quería saber si el envío es | Buen día esas barras pueden ser para la encoladora Suprabond C PHX B10
MLA1332775560,2 Trampa Adhesiva Pegamento Mata Laucha Sin Veneno Pega Rat,active,6924.0,205,2,0.00975609756097561,"Es útil para colocarla en una caja trampa para ratas | Hola, de dónde son?"
MLA1786898579,,?,,0,2,2.0,"Capacidad de corte 70x70 mm, que significa? | Hola, se puede usar igual? Sin arreglarlo?"
MLA1384746953,Sellador Suprabond Transparente Baño Bañera Bacha Y Mampara,active,17762.0,697,2,0.0028694404591104736,Este producto necesita un accesorio aplicador? | Algún sellador que pegue Bacha de acero a mesada de madera??
MLA3183234364,Kit Reparación De Parabrisas Suprabond,active,23901.0,8,2,0.25,"Buen día, necesito reparar un fisura de unos 15 CM en un vidrio lamina | Hola . Tengo dudas sobre el producto ya que leí que repara parabrisas "
MLA1491318453,"Bacha Chica Ferrum Persis L17kf-b Blanca - Acabado Brillante, Dis",paused,178213.0,2,2,1.0,"Hola, de qué diámetro es la perforación para el desagüe? Necesito sabe | Recibí el producto pero sin el boton ceramico de desagüe"
MLA1778957487,Amoladora Lusqtoff Angular Electrica 115mm - Sin Caja Naranja 50,paused,57173.0,1,2,2.0,Buenos días si le ago la Compra me podrías agregar un piñon dé una amo | Fue reparada ? O algún defecto de fabrica q alguien devolvió?
MLA1439097094,Burlete Suprabond Goma Espuma Doble Espesor Gris 5 Metros,active,6954.0,3692,2,0.0005417118093174431,"hacen factura a | Buen día, tendrías de color blanco"
MLA834650776,Cadena Máxima Seguridad Con Candado Bulit + Traba 5.5 Funda Azul,active,133352.0,9,2,0.2222222222222222,"Ahh porque en otra respuesta de esta publicación vi que decía 3/4"".. t | Hola!! Me podrías decir si es de 3/4"" o de 3/8""? Y el peso total.. gra"
MLA1337412190,Cerrojo Bulit Serie 500 Con Tambor De Bronce,active,61466.0,28,2,0.07142857142857142,hola me podran pasar la dimenciones externas de las partes rectangular | Hola tenes idea el ancho del cerrojo (que está pintado de amarillo)?
MLA1503133983,Tira Led 5050 5m 60 Leds/m Azul Ip20 Interior Adhesiva 72w,active,6000.0,10,2,0.2,"hola, se pueden interconectar entre si? | hola, se pueden interconectar entre si?"
MLA904345272,Cebo Somerset Mata Cucarachas - 6 Cebos,active,7453.0,1306,2,0.0015313935681470138,Tenés publicaciones con menor precio y más cantidad??? | De donde son ?
MLA2072574718,Tubo Led T8 9w 60cm Uv Ultravioleta,active,13904.0,20,2,0.1,Hola buenas tardes disculpe le hago una consulta este tubo uv me sirve | longitud de onda UV
MLA1493036471,Zócalo Burlete Suprabond Doble Extra Ancho 95cm - Marrón,active,28683.0,46,2,0.043478260869565216,"Para puerta de espesor 4 cm sirve? | Sirve para altura del hueco de 2, 5 cm ?"
MLA2080217934,Mosquitero Ventana Suprabond Autoadhesivo Con Abrojo 130x160 Colo,active,27198.0,254,2,0.007874015748031496,"Buen día! Tenés una así pero en color blanco? Gracias | Buenas tardes, tienen este producto en blanco?"
MLA1401630369,Zócalo Burlete Suprabond Doble Extra Ancho 95cm - Marrón,active,28683.0,135,2,0.014814814814814815,Hola! Se puede retirar por algún lado? Gracias. | Hay para hojas mas anchas? La mia tiene 8 cm de espesor
MLA1389032325,Sellador Acrílico Suprabond Maderas - Pino,active,15733.0,1196,2,0.0016722408026755853,"Hola, quería saber cómo puedo comprar ambos colores. Quiero uno de pin | Hola tenes cedro?"
MLA1124303125,Pistola Encoladora Silicona Suprabond + 25 Barras + Garantía,active,32800.0,8165,2,0.0002449479485609308,"Le doy comprar a esta encoladora,me dicen agrega una compra de $11602  | buen dia.Tenes en otro color aparte del amarillo?"
MLA1387706093,Adhesivo Suprabond Erpox Blanco Bachas Y Sanitarios,active,21075.0,210,2,0.009523809523809525,"Necesito pegar una cerámica, (con mi dirección) sobre la pared exterio | Sirve para reparar un agujero de 2mm en una bañera de acrilico/fibra?"
MLA1457484250,Suprabond Zócalo Doble 95cm Marrón 2.5 Cm 2.5 Cm,active,22817.0,180,2,0.011111111111111112,"Hola Agustin, gracias pero probé y me pasa exactamente lo mismo. Igual | Cargué en carrito más de 50mil de productos suprabond y cuando agrego "
MLA1122254678,Burlete Suprabond De Goma Para Puertas - Marrón Marrón,under_review,11214.0,203,2,0.009852216748768473,Buenos dias consulta tiene burlete autoadhesivo de 8 cm de altura? Est | Que perfil sería para las puertas bisagra de puerta 4 hojas
MLA1399432545,Adhesivo Suprabond Montajes En Pomo De 150g Color Blanco,active,8623.0,104,2,0.019230769230769232,"Buenas noches, quiero pegar un espejo a los azulejos del baño, esto si | Sirve para pegar cable a pared?"
MLA1404590828,Candado De Hierro Dorado Bulit - N° 50,active,17787.0,627,2,0.003189792663476874,buen día. Comprando 6 igual me cobran el envío? gracias | Hola haces precio por myor tener pagina?
MLA1481682416,Tenaza Bulit Armador - S600 - Ac. Al Carbono - 9 Pulgadas,active,24414.0,19,2,0.10526315789473684,Es corte medio o completo? | Es corte medio o completo?
MLA2305239168,Pack Toalla Y Toallón Rondiblu Algodón Blanco Hotelera 500gr Abso,active,20021.0,160,2,0.0125,las costuras son buenas? | Cuantos gramos el metro cuadrado de esta oferta
MLA1368167485,Candado Bulit Reforzado Acero Niquelado N° 50 Alta Seguridad Colo,active,27589.0,21,2,0.09523809523809523,Tenes hermanados de este número | Por favor es resistente al agua. Para un portón al aire libre
MLA2020275160,,?,,0,2,2.0,"Buenas tardes! El envío es gratis? Soy de Pinamar | hola, quería saber si sólo tiene ducha o hay opción de que el agua cai"
MLA1641850501,Bañera Ferrum Serena 150cm Casco Acrílico Blanco - Baño Blanco,paused,426717.0,0,2,2.0,Río negro | Envío a Fernández Oro
MLA861877044,Sellador Suprabond Perbond Premium Transparente - Flexible,active,28730.0,555,2,0.0036036036036036037,"Hola sirve para pegar parche en pantalón de moto de cordura | Hola, puede indicarme la fecha de vencimiento. Susana"
MLA1118361849,Zócalo Burlete Suprabond Doble Bajo Puerta 120cm - Gris,active,26240.0,2766,1,0.00036153289949385393,Hola es color gris o negro?
MLA2471755372,Adhesivo Suprabond Uno No Tóxico,active,6157.0,29,1,0.034482758620689655,Hola! Puede usarlo un niño de 8 años?
MLA2020433044,Casco Bicicleta Bulit Ultra Liviano Con Luz Led - Negro M,active,147123.0,6,1,0.16666666666666666,La luz led es recargable o pila?
MLA1465983742,Regla De Acero Inoxidable Bulit 30cm,active,4715.0,25,1,0.04,Que espesor tiene?
MLA1439868022,Burlete Autoadhesivo Suprabond De Goma Perfil E Color Blanco,active,21406.0,127,1,0.007874015748031496,"Hola, cual es el mejor burlete para una ventana corrediza de aluminio?"
MLA1445017864,20 Clavos Suprabond Para Colgar Fácil - Practi Clavo Acero,active,10675.0,227,1,0.004405286343612335,Buenas! Sirven para pegar sobre azulejos?
MLA876123976,Sellador Suprabond Piscinas - Grietas Y Fisuras - Azul 310ml,active,25817.0,2041,1,0.0004899559039686428,¿Se puede pintar con epoxi bicomponente luego?
MLA1515560913,Set De 40 Topetinas Suprabond De Goma Redonda Blanca Blanco,active,133360.0,14,1,0.07142857142857142,Buenos dias cada blister tiene 4 topetinas? Y el total serian 10 blist
MLA908074045,Trampa Adhesiva Suprabond Para Lauchas - Pegarat,active,6924.0,2176,1,0.00045955882352941176,"buenos dias, tenes la medida que viene mas grande ? la que viene para "
MLA909811217,Pincel Bulit Serie 500 Pura Cerda 100% Natural 2 Pulgadas,active,9160.21,48,1,0.020833333333333332,"Buenas tardes, que largo tienen las cerdas?"
MLA813052944,Candado De Aleación Bulit 10.000 Combinaciones 65mm Rojo  Rojo,active,26002.0,1944,1,0.00051440329218107,Hola sirve para que quede en el portón al aire libre
MLA1214852017,Bomba De Agua Fluvial Periférica 1/2hp Elevadora Monofásica Celes,paused,55901.0,217,1,0.004608294930875576,Che por que aumento ?
MLA1218463781,,?,,0,1,1.0,medida total de afuera a afuera
MLA1139087880,Candado Bulit Reforzado Acero Niquelado N° 50 Alta Seguridad Gris,active,27589.0,30,1,0.03333333333333333,Les consulto puede ser que pueda comprar dos candados con la misma com
MLA2624508686,Pinza Bulit De Punta Semiredonda Serie 1000 6  Aislada,active,27629.0,3,1,0.3333333333333333,Hola buenas tardes¿De 7 pulgadas tenés pinza de punta?
MLA2003464384,Peirano Crown 60-151 Grifería De Baño Gris Cromado,paused,87823.0,59,1,0.01694915254237288,"Hola, la distancia de los agujeros es de 21cm ? La altura de cuánto?"
MLA2367254488,,?,,0,1,1.0,Hola! Sirve para poner entre la cisterna y la red de la casa?
MLA1718188998,Combo Roca Capea Italiana Baño - Inodoro Corto + Bidet 1 Agu,paused,209344.0,8,1,0.125,hola con bidet tres agujeros hay ?
MLA2044699786,Grifería Columna Monocomando Zafiro Black Mate Black,paused,943887.0,2,1,0.5,Hola no tenes cromado? Sldos
MLA799205116,Broches - Grampas S8 Bulit Por 10 Cajas De 1000 Unidades,active,139471.0,37,1,0.02702702702702703,"Hola, P4 tienen?"
MLA1146400486,Mebrana Líquida Techos Pintura Impermeabilizante Blanca 28kg Blan,active,344777.0,221,1,0.004524886877828055,b dia necesito comprar 3 unidades El carrito no lo permite Me guias pa
MLA1146383566,Pintura Latex Interior Suprabond Antihumedad - Blanca 1kg Blanco,paused,28603.0,328,1,0.003048780487804878,Cuantos litros trae?
MLA1458031227,Cadena Bulit Máxima Seguridad Largo 1mt + Candado 72 Mm Color Neg,active,94938.0,169,1,0.005917159763313609,"Hola, los eslabones son cuadrados o redondos ?"
MLA901071852,Adhesivo Suprabond Transparente Extra Fuerte En Lata 1 Litro,active,47748.0,1094,1,0.0009140767824497258,Hola buen día tengo que pegar un piso de goma sobre carpeta de cemento
MLA1122241732,Burlete Suprabond De Goma Para Puertas - Blanco Marrón,active,11214.0,362,1,0.0027624309392265192,"Buenas, es blanco o marron? porque la descr dice blanco pero la public"
MLA1361973267,Candado Bulit Doble Traba Resistente Al Agua - Intemperie 40 Colo,active,19225.0,132,1,0.007575757575757576,Tenes uno igual a este añgo mas ancho y con el aro parecido?
MLA1139190965,Pistola Encoladora Suprabond Hot Melt Modelo Px 300,active,32767.0,136,1,0.007352941176470588,Hola es el modelo de pistola más grande?
MLA1899481838,Grifería De Cocina Monocomando Flexible Blanca Con Dorado Vasser ,active,196022.0,4,1,0.25,Viene con el cubre agujeros para pasar de 2 canillas a monocomando ?
MLA1367870873,4 Candados Hermanados Bulit Doble Traba A Bolilla + 8 Llaves Colo,active,65062.0,546,1,0.0018315018315018315,Que tamaño sería una medida más ?
MLA1139087878,Inflador De Pie Con Manómetro Bulit Serie 600 Azul,active,87604.0,68,1,0.014705882352941176,"Buen día tengo un inflador bullit 600 y se me rompió el reloj,se quebr"
MLA2293655250,Vanitory Suspendido Roca Mahler Kendal Dos Cajones - Baño Marrón ,active,643159.04,0,1,1.0,"Hola, busco solo el mueble para bacha malher 60cm. El mueble debe tene"
MLA828793413,8 Candados Acero Niquelado 40mm,active,134912.0,23,1,0.043478260869565216,Los 8 candados tienen la Misma combinación?
MLA1389031273,Sellador Suprabond Poliuretano Construcción 310ml Color Gris,active,36643.0,1152,1,0.0008680555555555555,Hola. Serviría para pegar porcelanato a una mesada de base de caño? Y 
MLA3167964862,Llave De Luz Sica Silight - 1 Módulo - Nero Color Negro,active,3509.0,1,1,1.0,"Disculpa q te pregunté por acá,pero estaría buscando un perfil de alum"
MLA876183189,Llave De Fuerza Bulit - Boca Curva - 10 Pulgadas Gris,active,18834.0,28,1,0.03571428571428571,En Medida Simple cuanto ?
MLA811906915,Pintura Especial Antihongo Suprabond Por 1 Litro Blanco,paused,28603.0,47,1,0.02127659574468085,Vivo en un alquiler con mucha humedad en las paredes. Servira esta pin
MLA2016244370,Flexible Regulable Ferrum 1/2 X 40cm - Repuesto,active,8038.0,26,1,0.038461538461538464,Hola tiene grado ferrum en la manguera? Gracias
MLA2728418198,Tijera Bulit Corta Chapa - 10 Pulgadas - Acero Al Carbono Rojo,active,29110.0,4,1,0.25,Hola ¿Sirve para cortar varillas de plástico ?
MLA1797599995,Griferia Ducha Exterior Piazza Monocomando Emblem,paused,75000.0,1,1,1.0,Que distancia tiene entre los centros de los caños? Son de 3/4?
MLA1401669067,"Sellador De Silicona Suprabond Universal De 280ml, Negro",active,16152.0,766,1,0.0013054830287206266,Sirve para colocar en lugares húmedos o mojados o tiene que estar seco
MLA861853953,5 Burletes Autoadhesivos De Goma Perfil D Color Blanco Blanco,active,56070.0,214,1,0.004672897196261682,"Buen dia, son 5 burletes, y cada uno tiene 5 metros de largo? se pegan"
MLA1523077514,Espuma De Poliuretano Suprabond Economy 500ml,active,22446.0,25,1,0.04,Cuantos metro cuadrados puede cubrir un envase 500g
MLA3249993070,Inodoro Largo Gap Roca Loza Sanitaria Blanco,active,594035.0,0,1,1.0,"Hola buen día, tendrán el link para comprar el depósito y bidet del mi"
MLA3163545332,Fv Chaltén 0207/h4 Juego De Lavatorio Cromado Plateado Brillante,active,820753.0,0,1,1.0,Cuál es la diferencia entre las 2 opciones?
MLA1432807209,,?,,0,1,1.0,"Hola, buen día. Antes de pintar tengo qué preparar la pared? Cómo? Gra"
MLA1404186349,Zócalo Burlete Suprabond Doble Extra Ancho Gris,active,28683.0,217,1,0.004608294930875576,"Hola! Viene para puertas de 1,30 de ancho? Gracias"
MLA1940506290,Candado Persianero Bulit Reforzado Acero Perno Horizontal Platead,active,35844.0,3,1,0.3333333333333333,Las llaves son computarizadas como las de la imagen o de las comunes?
MLA794726580,Adhesivo Suprabond Transparente 25ml En Tira De 5 Unidades Transp,active,27130.0,6,1,0.16666666666666666,Hola. Es cianocrilato?
MLA1384712387,Sellador Acrílico Pintable Suprabond Blanco - 1kg,active,31971.0,190,1,0.005263157894736842,Hola. Cómo se aplica con pincel?
MLA2704707818,Pintura Latex Interior Suprabond Antihumedad - Blanca 1kg Blanco,paused,28603.0,34,1,0.029411764705882353,"Hola.tengonuna pared virgen con revoque fino,pero con condensación,pue"
MLA853017736,Pistola Suprabond Encoladora Px300 + Barras Gruesas 500g Deb,active,61894.0,847,1,0.0011806375442739079,Que potencia en whats
MLA2760182872,Pistola Encoladora Suprabond Modelo Px 2100 + Barras 500g Sc,active,132235.0,1,1,1.0,De cuantos wats es
MLA2907028778,Set Bulit Serie 600 Alicate + Pinza Punta + Universal 6 PuLG,active,56375.0,2,1,0.5,Buenas tardes. Este set viene de 7 pulgadas?
MLA3326625946,Kit Accesorios Para Baño Peirano 12003 Set 3 Piezas Outlet Cromad,active,20000.0,0,1,1.0,"hola, tiene algún detalle el kit? En que zona está?"
MLA1419704161,Barras Suprabond Finas Ultratransparentes 175g Transparente,active,10536.0,201,1,0.004975124378109453,Hola buenas tardes quería consultar si sirven para modelo C Phx 200 R?
MLA3314410928,Bacha Cocina Doble Mi Pileta 305 64x37x18 - Outlet (305e) Platead,active,55000.0,0,1,1.0,Hola por dónde se retira?
MLA1439461023,Tira Luces Led Crafters Exterior 12v Rollo 5 Mts 72w - Azul Azul,active,10000.0,29,1,0.034482758620689655,Yo quiero comprar 30 metros como hago porque solo dos Se puede poner e
MLA918291374,Adhesivo Suprabond Para Ratas Y Lauchas - Pegarat - 4 Litros,active,156422.0,543,1,0.001841620626151013,Que cebo hay que ponerle o es como la placa ya preparada que los atrae
MLA3326624116,Rotomartillo Electroneumático Dewalt D25333k - Outlet Amarillo/ne,paused,350000.0,0,1,1.0,Hola buenas!te sirve 310 mil y realizo la compra
MLA1438356163,Fluvial Fe500 Bomba De Agua Centrífuga 0.5hp Compacta 85l M Color,active,115700.0,41,1,0.024390243902439025,"Buenos días, el descuento al llevar 5 unidades se va a mantener para l"
MLA1636986419,Tira Luces Led Crafters Interior Rollo 5 Mts 72w - Verde,closed,7485.0,4,1,0.25,Hola la fuente de cuantos amper necesita?
MLA1428843148,Engrampadora Bulit Reforzada Uso Intensivo + 200 Grampas,active,42675.0,315,1,0.0031746031746031746,En la descripción dice que es de acero y en las características dice q
MLA2074923878,Zocalo Burlete Blanco Bajo Puerta Con Cepillo Suprabond,active,13797.0,110,1,0.00909090909090909,Marron???? Negro no tenes? Quien usa marron amigo? jaja
MLA1528981214,Destornillador Bulit Profesional Serie 700 Plano #6x38mm,active,8264.0,2,1,0.5,Q tal mi pregunta es ando buscando este destornillador pero la parte d
MLA1390260082,Inflador De Pie Crafters Con Manómetro Bicicleta + Multiuso Color,active,30207.75,2413,1,0.0004144218814753419,"Buenos dias,se puede retirar en sucursal?,gracias"
MLA1629292996,Adhesivo Suprabond De Contacto Sin Tolueno - Lata 250ml,active,16294.0,35,1,0.02857142857142857,Servira para pegar vidrio a la pared o tenes algo mas fuerte gracias
MLA1404604606,Candado Bulit De Hierro Macizo Con Aro Cementado 60mm Gris,active,23915.0,30,1,0.03333333333333333,hola candados con combinación de este tamaño tenes?
MLA1806538039,Modulo Led 6012 Ip68 Carteleria Corporea Exterior Smd Color De La,active,2447.0,0,1,1.0,tienen pack x 100 unidades??' precio
MLA1384722311,Porta Estantes Autoadhesivo Suprabond - 12 Kg Discretos Color Tra,active,9020.0,81,1,0.012345679012345678,Medida de cada estante
MLA2747599922,Combo Bulit 6 Destornilladores Planos S700 - Cromo Vanadio,active,45096.0,0,1,1.0,"Buenas tardes, tenés de 10mm?"
MLA1719326698,Zócalo Burlete Crafters Doble Bajo Puerta 95cm - Blanco,active,6516.0,2222,1,0.00045004500450045,Hola! Quiero comprar dos pero me cobra dos envíos. Puedo comprar uno y
MLA857205690,Burlete De Vinilo Autoadhesivo Suprabond 5 Metros Blanco Blanco,active,9408.0,1665,1,0.0006006006006006006,Tendría descuento por la compra de 50 o más cantidad pagando por merca
MLA1847886812,Módulo Led Crafters 6012 Smd 12v Cartel Exterior Ip68 - Frío Blan,active,4060.0,17,1,0.058823529411764705,es por unidad o por pack de 10?
MLA811906079,Candado De Combinación Tsa Con Cable Bulit Gris,active,34473.0,374,1,0.00267379679144385,"Hola, el cable es extensible? Hasta qué medida? Gracias"
MLA1535106307,Zócalo Autoadhesivo Suprabond Blanco Para Puertas Blanco,active,12867.0,96,1,0.010416666666666666,"Hola, tienen en color gris o en negro?"
MLA2813347526,Escobillón La Gauchita Valencia Escoba Multiuso Interiores,active,7343.0,0,1,1.0,Se puede retirar por el domicilio? Gracias
MLA1146212316,"Sellador Suprabond Blanco Baño, Bañera, Bacha Y Mampara",active,17762.0,234,1,0.004273504273504274,"Hola, sirve para sella el inodoro la parte del piso? Viene con aplicad"
MLA1527116898,Recordatorio Traba Disco Bulit Amarillo,active,10169.0,181,1,0.0055248618784530384,el cable es de acero? que largo tiene? gracias
MLA1139034773,Pistola Suprabond Px 2100 + Barras Ultrantransparentes 1kg Gris,active,139471.0,41,1,0.024390243902439025,Hola. Vendes sin barras de silicona. Precio?
MLA3183478078,Grifo Cocina Monocomando Deca Spin Pico Alto Móvil Aireador Color,active,352025.0,0,1,1.0,"Hola, está tiene cartucho de 40? Xq la que tenemos es más chica y no p"
MLA2069086072,Disco Bulit De Sierra Circular 40 Dientes Color Gris,active,40411.0,0,1,1.0,de cuanto es el orificio central?
MLA1681399993,Adhesivo Suprabond Transparente Precisión - Pomo 50 Ml Transparen,active,9066.0,14,1,0.07142857142857142,"Es el equivalente a ""La gotita"" de Poxipol?"
MLA849011996,Pistola Encoladora Suprabond Modelo Px 300 + Barras 500g,active,61894.0,63,1,0.015873015873015872,Cuántas W de potencia tiene?
MLA1446886568,Suprabond Zócalo Doble 95 Cm Gris 2.5 Cm 2.5 Cm,active,22817.0,569,1,0.0017574692442882249,Hola buenos dias te queria hacer una pregunta queria comprar dos produ
MLA3246213748,,?,,0,1,1.0,Se puede usar en forma angular
MLA2752190224,Modulo Led 3030 12v 1 Chip Carteleria Corporea Exterior Smd Amari,active,3726.0,15,1,0.06666666666666667,Hola por cada compra es 1 plancha de 10 led o solo corresponde a la co
MLA813102985,Cadena De Acero Cementado 3/8 X 0.5 M Bulit,active,27721.0,27,1,0.037037037037037035,"Venden cadena cementada nro 7 u 8, en 1,2 o 1,5 mts? Gracias"
MLA1502562614,Adhesivo Suprabond Transparente Extra Fuerte En Lata 1 Litro,active,47748.0,470,1,0.002127659574468085,Hola sirve para pegar telas?
MLA1364220151,Candado Bulit Acero Niquelado 60mm Gris,active,30086.0,159,1,0.006289308176100629,"Buenas tardes, disponen de este modelo hermanados por 2 ? ( misma llav"
MLA1478087745,Grifería Baño Vasser Lyra Cromado Duchador De Mano 3 Posiciones P,active,22115.0,0,1,1.0,Incluye soporte para pared?
MLA1387706587,Adhesivo Epoxi Suprabond Transparente Superpox - 10 Minutos,active,8386.0,176,1,0.005681818181818182,Es el equivalente al Poxipol tradicional de dos componentes ?
MLA3163483022,Llave De Luz Sica - Interruptor Bipolar Luminoso 2m - Blanco 10 A,active,3897.0,0,1,1.0,Hola buenos dias? Esta es la llave de entrecruzamiento que necesito pa
MLA3417376298,Burlete Autoadhesivo Suprabond De Goma Perfil P Color Marrón Marr,active,13439.0,7,1,0.14285714285714285,Negro hay?
MLA1797299941,Escalera De Aluminio 5 Escalones Hogareña Lusqtoff Esl166-75 Gris,active,100000.0,0,1,1.0,Permutarias por un escritorio con base de vidrio templado de 6 mm y pa
MLA1387668145,Adhesivo Instantáneo Suprabond Flash En Tira De 15 Unidades,active,46050.0,229,1,0.004366812227074236,"Hola, sirve para pegar juguetes de plastico? Sino cual es el recomenda"
MLA1737455247,Caja Porta Herramientas Lüsqtoff - Baul Organizador 124lts Color ,paused,167017.0,3,1,0.3333333333333333,Hola. Cuanto pesa?
MLA1550318160,Cadena Bulit Máxima Seguridad 3/8 Extra Larga - 150cm,active,82112.0,249,1,0.004016064257028112,Hola que grosor el eslabón?
MLA812441403,Traba U Máxima Seguridad Bulit Gris Oscuro,active,61984.0,800,1,0.00125,Viene algún modelo que sea más grande? Es decir que tenga más de 104mm
MLA1364230487,Candado Bulit Doble Traba Resistente Al Agua - Aro Largo 50 Azul,active,30743.0,47,1,0.02127659574468085,Cuántos años soporta abajo del agua?
MLA814188350,Sellador Multiuso Perbond En Cartucho De 400ml Blanco 1 U,active,27364.0,942,1,0.0010615711252653928,Hola Quería saber si tiene el perbond en cartucho de 400 transparente 
MLA1144638769,2 Trampas Adhesivas Grandes Rata Ratón Laucha - No Tóxicas!,active,11903.0,602,1,0.0016611295681063123,Mefidas
MLA1736372205,Grifería Para Lavatorio Aqualaf Pared - Napoli Baño Eco Cromado,active,67993.0,1,1,1.0,Hola cuál es el largo de la canilla desde la pared? Gracias
MLA1496736477,Grifería De Ducha Danska Eira Cruz Cromada Para Bañera Color Plat,active,154058.79,3,1,0.3333333333333333,"Buenas noche es de cierre tradicional, de cuervito?"
MLA1139057298,Espátula Bulit Llana Lisa Serie 700 - Acero Inoxidable,active,24686.0,12,1,0.08333333333333333,Si pido una espátula más y la yana las 2
MLA1376691161,Zócalo Burlete Suprabond Doble Bajo Puerta 95cm - Blanco,active,22817.0,2072,1,0.00048262548262548264,Hola! Tenes para puertas de 5cm de ancho?
MLA3183453230,Inodoro Largo Roca Debba Rimless Blanco,active,279260.0,3,1,0.3333333333333333,Hola como estas?! No me deja agregar al carrito para hacer una compra 
MLA1118355364,Zócalo Burlete Suprabond Doble Bajo Puerta 95cm - Marrón,active,22817.0,2310,1,0.0004329004329004329,"Hola tienen donde pueda pasar a retíralo, Gracias"
MLA2120385596,Serrucho Bulit Profesional Universal 400mm Acero Molibdeno Negro,paused,16054.0,7,1,0.14285714285714285,"Hola, es templado o afilable?"
MLA3075171960,Serrucho Profesional Bulit - Acero Sk5 - 500 Mm Negro,active,29042.0,0,1,1.0,"Hola, es templado o afilable?"
MLA2235486370,Set De 10 Adhesivos Instantáneo Suprabond Extra Fuerte Transparen,active,27190.0,0,1,1.0,"Hola, sirve para suela de goma de zapato? Gracias"
MLA1445072784,Llave Criquet Articulada Bulit Serie 800 Acero - 13mm,active,19046.0,158,1,0.006329113924050633,Hola mas larga tenes?gracias
MLA2016971442,Mochila Ferrum Andina Depósito De Apoyo Descarga Doble Baño,paused,181398.49,25,1,0.04,Hola cual es el caudal maximo de agua que carga
MLA1806511151,Lampara Colgante Riel Regleta Circular 3 Iluminacion Negro Negro,active,4967.0,0,1,1.0,Viene con los portalámparas para poner foco común?
MLA1535042061,,?,,0,1,1.0,Es marron ? Porque dice blanco en las opciones de color y el titulo ma
MLA2330012272,,?,,0,1,1.0,Buenas tardes Vendes para solo un lado de la ventana. Necesito tamaño 
MLA842570968,Burlete Suprabond Goma Espuma Extra Ancho 5 Metros Gris Gris,active,9918.0,844,1,0.001184834123222749,Bs noches POR FAVOR quiero saber si tinen de esa goma blanca que forma
MLA794739284,Kit Reparación De Parabrisas Suprabond 7793300431300,active,23901.0,2573,1,0.000388651379712398,Hola me.sirve para una rajadura fina para el vidrio de adelante del.au
MLA1448845069,Grifería Bidet Aqualaf Roma Cierre Cerámico Metálico - Baño Plate,active,81405.0,21,1,0.047619047619047616,"Hola buenas tardes, qué incluye la caja. Gracias"
MLA1139075472,Sellador Silicona Suprabond Neutra Construcción 280ml,active,19175.0,101,1,0.009900990099009901,hola! tenes en color nlanco?
MLA1610532161,Cadena Bulit Seguridad Max Acero Cementado 50cm + Candado 40 Cele,active,46981.0,0,1,1.0,Buenos días disculpe una consulta tendría dicho modelo y marca que sea
MLA2957864366,Mueble Para Baño Roca Kendal 500 Vanitory Kendal Blano Un Agujero,active,409198.54,0,1,1.0,"buen dia la misma ,pero el mueble ne colormueble en color blanco ?"
MLA1404590906,Candados Hermanados Bulit - Doble Traba A Bolilla N°40 Color Gris,active,33079.0,365,1,0.0027397260273972603,Hay asi pero de 50?
MLA1404779896,Candado Acero Niquelado N° 50 Aro Largo Bulit Color Gris,active,25619.0,37,1,0.02702702702702703,Vienen hermanados?
MLA1376723115,,?,,0,1,1.0,hola! venden las barras? de qué medida son? gracias!
MLA2752750336,Panel Led Redondo Embutir 12w Plafon Marco Negro Negro,active,8150.0,0,1,1.0,"Buenos dias, es de luz neutra?"
MLA1524497090,Perchero Autoadhesivo Suprabond Acero Inoxidable - 3kg Color Plat,active,13733.0,26,1,0.038461538461538464,Hay uno con los ganchos mas anchos? Para poner ej una cartera
MLA3403909520,Tapa De Luz Sica Silight By Pininfarina Negro Y Strada 10x5,active,2380.0,0,1,1.0,Hola necesito una tapa para 3 módulo Y una tapa para un solo módulo
MLA2472391122,Bidet Con 1 Agujero Roca Debba Porcelana Blanco Baño,active,195787.0,2,1,0.5,Hola que grifería es?
MLA3157648424,Jabonera Aqualaf De Porcelana - Baño Bloke - Garantía 5 Años Blan,active,62342.0,0,1,1.0,"Tendras este kit de Jabonera, porta vaso, porta rollo, perchero y toal"
MLA1388534621,Ruedas Autoadhesivas Suprabond Para Mover Cosas Pesadas,active,12889.0,60,1,0.016666666666666666,Si es para una mesa pesada y le pongo 2 por para para sumar los 96kg m
MLA1391176541,Llave De Luz Sica - 1 Interruptor Combinación Blanco Slight,active,3688.0,1,1,1.0,Tenés combinada?
MLA856059996,Pistola Encoladora Suprabond Modelo Hx 100 + Barras 175g,active,32614.0,44,1,0.022727272727272728,Hola se cuantos ww es
MLA1670215437,Pintura Acrilico Celeste Para Piscinas Piletas 4 Lt Lusqtoff,active,32307.0,0,1,1.0,Hola tengo una pequeña piscina de ceramica en el primer piso si la pin
MLA1625250609,,?,,0,1,1.0,Hola sire para pegar 2 chapas de zinc? Gracias
MLA812490611,Cerrojo Bulit Serie 500 Con Tambor De Bronce,active,51291.0,44,1,0.022727272727272728,Cuales son las medidas?
MLA2957192090,Inodoro Largo Roca The Gap Rimless Blanco,active,724529.0,0,1,1.0,Tienen la mochila que va con este inodoro?
MLA2760013884,Pistola Encoladora Suprabond Modelo Px 2100 + Barras 500g Sc,active,110344.0,4,1,0.25,"Buenas tardes, que potencia tiene?? ( en watts me refiero)"
MLA907993163,Tijera Aviación Bulit Recta - Acero Al Cromo Vanadio Amarillo,active,29856.0,44,1,0.022727272727272728,"Hola necesito cortar una chapa c25, está sirve? O tenés otra ?"
MLA1478126017,Balde Con Escurridor Premium La Gauchita Max Blanco,active,17623.0,15,1,0.06666666666666667,Hola! De casualidad venden solo el repuesto para el escurridor?
MLA3157780580,Manguera Duchador Vasser Flexible 1/2 Pulgada,active,26976.0,0,1,1.0,Hola. Te hago una consulta . Está me sirve para un mono comando telesc
MLA1401630607,Adhesivo Suprabond Montajes En Cartucho De 400ml,active,19876.0,74,1,0.013513513513513514,Hola. Pega madera?
MLA1139051027,Cutter Profesional Automático Bulit Serie 800,active,24535.0,49,1,0.02040816326530612,"Hola, tienen repuesto de hojas?"
MLA1836933339,Destornillador Bulit Profesional Aislado Phillips #2x100mm,active,10616.0,1,1,1.0,"Hola En la publicación hay dos imágenes diferentes, estoy buscando Phi"
MLA1214499406,Bomba De Agua Fluvial Centrífuga 0.5hp Fe Compacta 85l/m Azul,active,115700.0,36,1,0.027777777777777776,Es el modelo FE500?
MLA3183300544,"Depósito De Apoyo Roca Debba Mochila Para Inodoro 3/4,5 Lts",active,307092.0,2,1,0.5,Hola es del roca hall ?
MLA3403820508,Panel Plafon Led Sica Techo 6w Cuadrado Embutir Color Blanco,active,3745.0,0,1,1.0,son luz calida o fria?
MLA1439303278,Burlete Suprabond Goma Espuma Normal Gris 5 Metros,active,5504.0,1368,1,0.0007309941520467836,Tienen de 5mm color marrón?
MLA1786908963,Bacha Cocina Doble Mi Pileta 305 64x37x18 - Outlet (305a) Platead,active,55000.0,0,1,1.0,Hola busco de 65x44 de medida
MLA3157825622,Plafón Led Sica Cuadrado Techo De Embutir - 24w Blanco Frío Blanc,active,11464.0,0,1,1.0,"Hola bien día ,no tenes más cantidad para hacer la compra? Necesito 3"
MLA817644970,Sellador Suprabond Poliuretano Construcción 310ml Gris,active,36643.0,776,1,0.001288659793814433,Hola te hago 2 preguntas quiero pegar unos ladrillos en la pared y no 
MLA1364258737,,?,,0,1,1.0,"Hola , yo necesito 5 candados y 45 llaves. Es para un complejo. O las "
MLA1364204265,Candado Bulit De Aleación Aluminio De Combinación 30mm Color Rojo,active,16969.0,555,1,0.0018018018018018018,"Hola, necesito comprar 90 unidades.. como puedo hacer?"
MLA1364243021,Candado De Hierro Dorado Bulit N° 50 Aro Largo,active,19612.0,60,1,0.016666666666666666,Cuanto mide el brazo solamente
MLA837648568,2 Selladores Acrílico Pintable Suprabond De 280ml Blanco,active,26364.0,326,1,0.003067484662576687,Hola tienen también el aplicador ? La pistola ? Gracias
MLA2072335402,Grifería De Ducha Fv Arrayán Con Transferencia Cromo Baño Cromo C,active,500177.0,2,1,0.5,Hola! Temes el hidromat para agregarle? Gracias
MLA2837609694,Tubos Led Crafters 18w 120cm 220v Color Rojo Alta Potencia Rojo,active,11101.89,0,1,1.0,"Hola, necesito 4 verdes y 4 azules, Tenes stock? Los necesito para hoy"
MLA2081009388,,?,,0,1,1.0,Hola. Compré hace unos meses el candado y no consigo donde hacer copia
MLA2479886642,Linterna Led Cob Aaa Indoor 1w 100mts Zoom 25 Lumens Bulit Color ,under_review,12692.0,6,1,0.16666666666666666,Buenas! El cuerpo es de plástico o aluminio?
MLA1863821366,Llave Combinada Bulit S700 - Acodada Cromo Vanadio - 24mm,active,30887.0,5,1,0.2,"Hola, de 24 mm hacia arriba hasta cuantos mm llega, y cuanto saldria e"
MLA1454980604,Tubo Bocallave Bulit S500 - 1/4 - 9mm - Cromo Vanadio,active,4145.0,7,1,0.14285714285714285,Hola es de 9mm estriada ?
MLA1643248973,Inodoro Largo Ferrum Bari Porcelana Sanitaria Baño Blanco,active,301605.0,0,1,1.0,Es apto válvula?
MLA1505520435,Grifería Bidet Danska Karla Doble Comando Cromado Para Baño Gris,active,66140.0,3,1,0.3333333333333333,Trae todo lo que va abajo?
MLA3535144810,Pistola Encoladora Suprabond Inalámbrica + Paquete Barras Amarill,active,96100.0,2,1,0.5,Es para barras gruesas o finas?
MLA2234174508,Set 3 Toallas De Mano 85x150cm 100% Algodón 550g Color Blanco Lis,active,17949.0,15,1,0.06666666666666667,Qué medidas tiene exactamente cada toalla? Porque la publicación te de
MLA2067441306,Suprabond Barras De Silicona Transparente,active,29127.0,19,1,0.05263157894736842,Estas para la pistola standar gris andan bien?? Xq compre unas hace mu
MLA1636949583,Disco Bulit De Sierra Circular 60 Dientes Para Melamina Gris Oscu,active,32990.0,1,1,1.0,Más información
MLA1856306077,Candado Bulit Ultra Seguridad De Acero Sólido - Anti Corte Gris,paused,57006.0,4,1,0.25,Que tipo de llave tiene? Tipos los níquelados o llave tipo llave de la
MLA1122273966,Combo Bulit Para Bicicletas  Inflador + Linga Azul Negro,active,56526.0,101,1,0.009900990099009901,"Buenas noches, el inflador solo, lo venden?. Gracias"
MLA1438765328,,?,,0,1,1.0,Cuantas cajas viene
MLA1525956948,Sellador Suprabond Perbond Premium Transparente - Flexible,active,28730.0,124,1,0.008064516129032258,"Hola, que fecha de vencimiento tiene."
MLA1731103775,Jeringa Somerset Mata Cucarachas 12gr,active,9319.0,16,1,0.0625,Puedo agregar a la jeringa silicona neutra supranond?
MLA1467810114,,?,,0,1,1.0,"Hola, entiendo que es el aprobado para pasar una inspección no? Además"
MLA1718189556,Topetina Suprabond De Fieltro Marrón Cuadrada 30mm Cuadrado,active,9071.0,608,1,0.001644736842105263,"Perdon, pero no detallan que cantidad contiene cada paquete?"
MLA1372202315,Luz Auxiliar Multifunción Bulit Serie 500 Negro,active,32558.0,1,1,1.0,Que batería usa ?
MLA1869539440,Modulo Led Crafters 7519 Smd 3 Chips Cartel Ip68 Frío Luz Blanco ,active,3287.0,8,1,0.125,En color amarillo tenés?
MLA1638382931,Mueble De Colgar Ferrum Tori Vanitory Color Blanco - Baño Blanco ,under_review,385775.0,0,1,1.0,vendes la bacha???
MLA3154178386,iPad Apple 10° Generación 64gb 4gb Ram - Silver - Sin Uso Plata,closed,600000.0,1,1,1.0,es una 10th generacion-2022?
MLA1419610269,Venda Líquida Suprabond Impermeabilizante Blanca 1kg Color Blanco,active,36761.0,497,1,0.002012072434607646,Hola tenes caucho acrilico para piscinas
MLA886576007,Sellador Suprabond Silicona Universal Suprabond 280ml Negra Negro,active,16152.0,447,1,0.0022371364653243847,Sirve para juntas del piso
MLA1847760394,Spot Embutir Crafters Pvc Cuadrado Negro Dicroica Se-116cp Negro,under_review,3608.0,4,1,0.25,Son negros? Por que la foto aparece blanco
MLA2094969840,,?,,0,1,1.0,Cómo se q modelo es para mi puerta ? Es para puertas placas interiores
MLA848001898,Barras Suprabond Gruesas Universales Maxíma Adherencia 500g,active,29127.0,887,1,0.0011273957158962795,Hola ! Son ultratransparentes ?
MLA1443905499,Pegamento Adhesivo Espejo Retrovisor Suprabond Color Transparente,active,12424.0,463,1,0.0021598272138228943,"HOLA !! ESTOY EN TABLADA,LA MATANZA,X DONDE LO PODRIA PASAR A BUSCAR P"
MLA1279978196,Trampa Adhesiva Suprabond Para Ratas Pegarat,closed,11903.0,2208,1,0.0004528985507246377,Les atrae ir al pegamento o lo tengo que poner en algún lado que justo
MLA1139204375,Pistola Encoladora Suprabond Hot Melt Modelo Hx 200 Rosa Rosa,active,27687.0,161,1,0.006211180124223602,"Hola como estan?, me pasan el link para poder comprar las barrras de s"
MLA2245628584,Set De 20 Topetinas Suprabond De Goma Redonda Blanca Blanco,active,66680.0,22,1,0.045454545454545456,buenas noches consulta son 20 set de topetina x 4 unidades cada una ?
MLA2747857776,Cadena De Acero Cementado 3/8 X 1 M Bulit,active,65878.0,8,1,0.125,"Hola, que candado usar para que el punto flojo no sea el candado?"
MLA1670257797,Repelente De Paloma Y Murcielagos Somerset,active,21658.02,37,1,0.02702702702702703,Realmente sirve
MLA1512823010,Adhesivo De Contacto Suprabond Transparente Extra Fuerte En Lata ,active,27132.0,463,1,0.0021598272138228943,"Hola una pregunta, me sirve para pegar zócalos de PVC? O sino cuál ser"
MLA1791805558,Zócalo Burlete Suprabond Doble Extra Ancho 120cm - Negro,active,35992.0,199,1,0.005025125628140704,Sirve para una puerta de 5cm de espesor?
MLA1957724072,Spot Embutido Móvil Redondo Ar111 Lampara Led Aro Blanco,active,8354.0,16,1,0.0625,"Hola quisiera comprar en cantidad, y averiguar por otros productos"
MLA863507527,Trampa Adhesiva Suprabond Para Ratas Pegarat,active,11903.0,924,1,0.0010822510822510823,Sirve para poner en cajas afuera en temperaturas bajo cero?
MLA906686130,Sellador Suprabond Multiuso - Perbond - Pomo 125ml,active,13424.0,289,1,0.0034602076124567475,Quiero pasarle por fuera alrededor del flexible de la canilla de pilet
MLA874083715,Barras Suprabond Finas Máxima Adherencia 500g,active,29127.0,308,1,0.003246753246753247,"Hola, está barra es de 7mm ?"
MLA1668487564,Topetina Suprabond De Fieltro Marrón Circular 20mm,active,9071.0,686,1,0.0014577259475218659,"Hola, tienen en color negro?"
MLA1376143637,Llave Criquet Articulada Bulit Serie 800 Acero - 14mm,active,16928.0,41,1,0.024390243902439025,"Buenas, como estas? Tenes esta misma de 7mm?"
MLA2763964146,Grifería Ducha Danska Karla Cromada Cuadrada Con Manguera Flexibl,paused,107943.94,4,1,0.25,"Hola , necesito saber si el cuerpo es de bronce. Ya que no hay fotos y"
MLA1379761007,Adhesivo Epoxi Crafters Erpox Acero Máxima Soldadura 105gr Gris,active,16425.0,1816,1,0.0005506607929515419,Hola pega material antimoño
MLA844329908,Adhesivo Epoxi Suprabond Erpox Acero Máxima Soldadura S/c,active,22442.0,1518,1,0.0006587615283267457,Hola buenas te consulto sirbe para repasar chapas con agujero
MLA847470823,2 Burletes Autoadhesivos De Goma Perfil E Color Blanco Blanco,active,21406.0,791,1,0.0012642225031605564,Necesito saber tienen burlete tipo E COLOR MARRON
MLA1274282043,Cebo Somerset Mata Cucarachas - 6 Cebos,active,7453.0,847,1,0.0011806375442739079,Quiero retirar. Para usar el envio y llevo mas productos. Se puede ? G
MLA842564403,Sellador Suprabond Reparador De Concreto Y Cemento Antihongo,active,14539.0,1483,1,0.0006743088334457181,Buenas. Sirve para reparar una pequeña fisura en tanque de agua de cem
MLA856831096,Engrampadora Clavadora Bulit Profesional Potencia Regulable,active,103254.0,27,1,0.037037037037037035,Buenas tardes... Se puede armar un link para realizar la compra con su
MLA1455628459,Conector Led Doble Hebilla Tira 5050 Rgb Monocromatica Color Rgb,active,3546.0,18,1,0.05555555555555555,"hola, para led cob de ledvans le va?"
MLA2212220260,Spot Empotrable Ar111 Led Embutir Redondo Movil Blanco Negro,active,5523.0,1,1,1.0,"hola, que medida tiene que tener el hueco? gracias"
MLA859732690,Nuevo Adhesivo Suprabond Erpox Blanco Bachas Y Sanitarios 80,active,15389.0,785,1,0.0012738853503184713,"Hola, este pegamento sirve para pegar Bacha en mesada por debajo sin n"
MLA1468933489,Grifería Cocina Vasser Odessa Monocomando Mesada - Cromada Cromo ,paused,117833.0,2,1,0.5,"Hola buenas noches ,se puede colocar purificador de agua Saludos"
MLA1642005733,Casco Bañera Acrilica Ferrum Serena Blanca 150cm Bf150 Color Blan,paused,426717.0,11,1,0.09090909090909091,Cuánto me saldría el envío al CP 8345?
MLA2260396384,Cadena Bulit Máxima Seguridad 150cm + Candado Alta Seguridad Colo,active,108114.0,15,1,0.06666666666666667,"Hola, cuánto pesa esa cadena?"
MLA1330477689,Accesorio Aspiración Elektrim Pileta De Hormigón Barrefondo,active,3846.0,10,1,0.1,Hola tenés de estos para pileta fibra de vidrio
MLA2763788728,Toallón Algodón Blanco Rondiblu 80x150cm 500gr Calidad Hotelera L,active,14038.0,110,1,0.00909090909090909,Buen día tienen toallas también? Gracias
MLA2471376270,2 Toallones Hoteleros 85x150cm 100% Algodón 550g Color Blanco Lis,active,28076.0,1,1,1.0,Buen día por donde se retiran?
MLA2018225820,Combo Toallon Y Toalla Rondiblu Set Hotelero Premium 500gr,active,20021.0,191,1,0.005235602094240838,Son gruesitas...necesito buena calidad porque son para alojamientos
MLA1562438301,Destornillador Bulit Profesional Serie 800 Torx #9x75-4,active,6543.0,5,1,0.2,"Hola necesito comprar los torx 8,9, 20,25y27 me podrán armar ese combo"
MLA907279547,Espátula Bulit Flexible -  Acero Al Carbono - 5 Pulgadas,active,8342.0,16,1,0.0625,Hola tenes espatula de acero al carbono de 6 y de hoja plana de 25 cm
MLA1139034832,Cadena Bulit Aro Cementado Máxima Seguridad 1/4 0.5 Metros Negro,active,18279.0,23,1,0.043478260869565216,BUENAS TARDES QUISIERA CONFIRMAR SI SIRVE PARA CANDADO BULIT DE ALEACI
MLA2192823920,Griferia Baño Canilla Lavatorio Peirano Crown 60-151 Cierre Ceram,paused,117138.0,47,1,0.02127659574468085,"Buen día. Quiero este producto, pero necesito también las tres del bid"
MLA1387654983,Superadhesivo Suprabond 2 Componentes Con Acero En Polvo,active,8386.0,102,1,0.00980392156862745,"Es igual al erpox acero , Pero con menos cantidad? Slds"
MLA901069874,Adhesivo Suprabond Transparente Extra Fuerte En Lata 500ml,active,27132.0,496,1,0.0020161290322580645,Buenas tardes! Factura tipo B Iva exento realizan?
MLA855761683,Engrampadora Bulit Profesional Pr S/c + 1.000 Grampas 12mm,active,122693.0,12,1,0.08333333333333333,Sirve para grampas de 12 mm de ancho
MLA1400732031,Sellador Silicona Suprabond 280ml Transparente,active,15681.0,258,1,0.003875968992248062,"Erpox acero y masilla neutra o sin partículas acero tienen, m pasarías"
MLA1455380877,Plafón Led Crafters Techo Redondo 6w Blanco Cálido - Aplicar Blan,active,4500.0,14,1,0.07142857142857142,Buenas noches! Tendrán el mismo pero en color negro?
MLA1501183847,Grifería Cocina Danska Karla Canilla Doble Comando Cromada Platea,paused,56422.0,13,1,0.07692307692307693,hola le puedo agregar un pico para la manguera?
MLA1139057301,Sellador Acrílico Suprabond Maderas - Nogal,active,15733.0,134,1,0.007462686567164179,"HOla buenos dias, este producto sirve pra pegar madera sobre carpeta d"
MLA1477100086,Sellador Suprabond Zinguería 300ml Aluminio Especial,active,29615.0,2031,1,0.0004923682914820286,Para usar el envase se necesita una herramienta? O es de plástico y sa
MLA1457764212,Zocalo Burlete Puerta Autoadhesivo Suprabond Bco-madera-gris Colo,paused,11859.0,565,1,0.0017699115044247787,En color negro??
MLA2072690140,Spot Redondo Techo Reflejo Iluminación Blanco Aro Móvil Ar111 Gu1,active,5523.0,41,1,0.024390243902439025,Trae la traba para que la lampara no se salga para afueta? Es un aro f
MLA1562754243,Adhesivo Instantáneo Suprabond Flash Gel Tira De 5 Unidades,active,17560.0,26,1,0.038461538461538464,Este pegamento puede ser usado en la tiras led para pegar sobre base m
MLA846220168,Pintura Suprabond Para Baños Por 1 Litro Blanco Blanco,paused,28603.0,90,1,0.011111111111111112,Cuánto rinde
MLA844321424,Barras Suprabond Gruesas Ultratransparentes 1kg S/c,active,58254.0,1528,1,0.0006544502617801048,Hola es para el modelo pistola Suprabond PX 300
MLA1570076556,Venda Líquida Suprabond Impermeabilizante Blanca 0.5kg Color Blan,active,27155.0,35,1,0.02857142857142857,Comercializan algún producto para este tipo de reparación?
MLA1420417460,Disco Diamantado Bulit Para Amoladora S400 Segmentado 115mm,active,11277.0,36,1,0.027777777777777776,Hasta cuantos venden en un solo envio
